id,lead_id,platform,status,kind,body,created_at,approved_at,scheduled_at,sent_at,fail_reason,error_code
"43fefa54-c254-4782-9d9c-95418c35b802","cf343f12-97ac-453a-95d9-1deb083adbfe","instagram","approved","dm","Hey Moe, Noticed you are into career, change, open. Curious to learn more. What are you focused on career wise over the next few months?","2025-08-23T18:28:41.828202+00:00","2025-08-23T18:29:03.871+00:00","2025-08-23T18:29:03.574523+00:00","","",""
"44dae494-b751-410a-825b-c3d90f77be98","a6d77b37-0ef0-4932-a53b-a73a9fed8fec","linkedin","approved","dm","Hey Jane, Noticed you are into mortgage, tfsa. Curious to learn more. What money goal are you prioritizing right now?","2025-08-23T18:28:41.828202+00:00","2025-08-23T18:29:03.871+00:00","2025-08-23T18:35:03.574+00:00","","",""
"0fa38fc5-ba95-454f-9b1a-faa5a4068fcc","457299ea-6aa1-4a22-8e91-8f8a78148835","linkedin","approved","dm","Hey Sam, Noticed you are into bank, teller, mortgage. Curious to learn more. What money goal are you prioritizing right now?","2025-08-23T18:28:41.828202+00:00","2025-08-23T18:29:03.871+00:00","2025-08-23T18:41:03.574+00:00","","",""
"926eb4fa-3d83-49f4-afe6-7995ee71fc25","5f0ed62c-ffe3-4362-9aba-5b30758a2e11","instagram","approved","dm","Hey Moe, Noticed you are into career, change, open. Curious to learn more. What are you focused on career wise over the next few months?","2025-08-23T18:28:41.828202+00:00","2025-08-23T18:29:03.872+00:00","2025-08-23T18:47:03.574+00:00","","",""
"054c048f-b5da-4639-824e-25ed2b6dbd71","20a5f465-d339-4a0f-ae4d-bba48a560a6b","linkedin","approved","dm","Hey Jane, Noticed you are into mortgage, tfsa. Curious to learn more. What money goal are you prioritizing right now?","2025-08-23T18:28:41.828202+00:00","2025-08-23T18:29:03.872+00:00","2025-08-23T18:53:03.574+00:00","","",""
"9716fa5f-528f-4fc9-b34a-797b408e73d1","a6d77b37-0ef0-4932-a53b-a73a9fed8fec","linkedin","approved","dm","Hey Jane, Noticed you’re into mortgage, tfsa. Curious to learn more. What money goal are you prioritizing right now?","2025-08-23T17:13:01.533298+00:00","2025-08-23T17:13:33.65+00:00","2025-08-23T17:14:46.288+00:00","","",""
"ca989dbb-9923-457a-9d33-eefe74a157b6","cf343f12-97ac-453a-95d9-1deb083adbfe","instagram","approved","dm","Hey Moe, Noticed you’re into career, change, open. Curious to learn more. What are you focused on career wise over the next few months?","2025-08-23T17:13:01.533298+00:00","2025-08-23T17:13:33.65+00:00","2025-08-23T17:17:24.288+00:00","","",""
"e0451d01-6acd-44c6-8d91-6102433e7498","c1d64437-4a46-4eab-b40f-7122c70108e6","linkedin","approved","dm","Hey Sam, Noticed you’re into bank, teller, mortgage. Curious to learn more. What money goal are you prioritizing right now?","2025-08-23T17:13:01.533298+00:00","2025-08-23T17:13:33.65+00:00","2025-08-23T17:19:39.288+00:00","","",""
"441dadbb-e67b-4bfc-8530-7cd68fd8681c","457299ea-6aa1-4a22-8e91-8f8a78148835","linkedin","approved","dm","Hey Sam, Noticed you’re into bank, teller, mortgage. Curious to learn more. What money goal are you prioritizing right now?","2025-08-23T17:13:01.533298+00:00","2025-08-23T17:58:12.852+00:00","2025-08-23T17:58:12.565359+00:00","","",""
"6271db55-a21a-4c18-b37c-1d9505f204c4","5f0ed62c-ffe3-4362-9aba-5b30758a2e11","instagram","approved","dm","Hey Moe, Noticed you’re into career, change, open. Curious to learn more. What are you focused on career wise over the next few months?","2025-08-23T17:13:01.533298+00:00","2025-08-23T17:58:12.852+00:00","2025-08-23T18:05:12.565+00:00","","",""
"9aacc56b-b882-426b-910f-802bfd7553b9","20a5f465-d339-4a0f-ae4d-bba48a560a6b","linkedin","sent","dm","Hey Jane, Noticed you’re into mortgage, tfsa. Curious to learn more. What money goal are you prioritizing right now?","2025-08-23T17:13:01.533298+00:00","2025-08-23T17:58:12.852+00:00","2025-08-23T18:12:12.565+00:00","2025-08-23T18:29:10.538+00:00","",""
"d15a6738-3070-4ff4-9da9-2c1a374bfdc6","457299ea-6aa1-4a22-8e91-8f8a78148835","linkedin","approved","dm","Hey Sam, Noticed you’re into bank, teller, mortgage. Curious to learn more. What money goal are you prioritizing right now?","2025-08-23T16:58:34.493051+00:00","2025-08-23T17:58:12.852+00:00","2025-08-23T18:19:12.565+00:00","","",""
"e60b3260-8305-4d9d-ba8e-f83a15740cd8","20a5f465-d339-4a0f-ae4d-bba48a560a6b","linkedin","draft","dm","Hey Jane, Noticed you’re into mortgage, tfsa. Curious to learn more. What money goal are you prioritizing right now?","2025-08-23T16:58:34.493051+00:00","","","","",""
"a2d66159-485f-4e07-903c-7fb2e49c0a27","a6d77b37-0ef0-4932-a53b-a73a9fed8fec","linkedin","approved","dm","Hey Jane, Noticed you’re into mortgage, tfsa. Curious to learn more. What money goal are you prioritizing right now?","2025-08-23T16:58:34.493051+00:00","2025-08-23T16:58:52.354+00:00","2025-08-23T17:00:33.006+00:00","","",""
"45a65ee5-50b2-4ace-82f8-f349ee57e48c","cf343f12-97ac-453a-95d9-1deb083adbfe","instagram","approved","dm","Hey Moe, Noticed you’re into career, change, open. Curious to learn more. What are you focused on career wise over the next few months?","2025-08-23T16:58:34.493051+00:00","2025-08-23T16:58:52.355+00:00","2025-08-23T17:03:27.006+00:00","","",""
"750186cb-6598-4f91-bda0-a9a71a9d6f29","c1d64437-4a46-4eab-b40f-7122c70108e6","linkedin","approved","dm","Hey Sam, Noticed you’re into bank, teller, mortgage. Curious to learn more. What money goal are you prioritizing right now?","2025-08-23T16:58:34.493051+00:00","2025-08-23T16:58:52.355+00:00","2025-08-23T17:05:09.006+00:00","","",""
"807ba03f-02d3-49b2-97fb-ccf8e37f7a83","5f0ed62c-ffe3-4362-9aba-5b30758a2e11","instagram","approved","dm","Hey Moe, Noticed you’re into career, change, open. Curious to learn more. What are you focused on career wise over the next few months?","2025-08-23T16:58:34.493051+00:00","2025-08-23T17:58:12.852+00:00","2025-08-23T18:26:12.565+00:00","","",""
"4e8a7e99-375f-4568-bb82-230e3743e56f","a6d77b37-0ef0-4932-a53b-a73a9fed8fec","linkedin","draft","dm","Hey Jane, Noticed you’re into mortgage, tfsa. Curious to learn more. What money goal are you prioritizing right now?","2025-08-23T16:54:54.840148+00:00","","","","",""
"b6f73c7e-ec04-4093-a9c8-66f2cfcd9329","cf343f12-97ac-453a-95d9-1deb083adbfe","instagram","draft","dm","Hey Moe, Noticed you’re into career, change, open. Curious to learn more. What are you focused on career wise over the next few months?","2025-08-23T16:54:54.840148+00:00","","","","",""
"7f6bccb4-0f41-4882-bfd0-84df14d9a3ee","c1d64437-4a46-4eab-b40f-7122c70108e6","linkedin","draft","dm","Hey Sam, Noticed you’re into bank, teller, mortgage. Curious to learn more. What money goal are you prioritizing right now?","2025-08-23T16:54:54.840148+00:00","","","","",""
"94d60635-838d-41d2-b8c0-59b731dc6bfb","cf343f12-97ac-453a-95d9-1deb083adbfe","instagram","draft","dm","Hey Moe, Noticed you’re into career, change, open. Curious to learn more. What are you focused on career wise over the next few months?","2025-08-23T16:54:06.316169+00:00","","","","",""
"3bd9f09f-3292-4577-af72-c1f6272deccd","c1d64437-4a46-4eab-b40f-7122c70108e6","linkedin","draft","dm","Hey Sam, Noticed you’re into bank, teller, mortgage. Curious to learn more. What money goal are you prioritizing right now?","2025-08-23T16:54:06.316169+00:00","","","","",""
"59867efb-530e-4fcf-b51e-b8f9fae0fbb5","a6d77b37-0ef0-4932-a53b-a73a9fed8fec","linkedin","draft","dm","Hey Jane, Noticed you’re into mortgage, tfsa. Curious to learn more. What money goal are you prioritizing right now?","2025-08-23T16:54:06.316169+00:00","","","","",""
"4ad0de14-f9df-4588-a057-8ba067075fd6","a6d77b37-0ef0-4932-a53b-a73a9fed8fec","instagram","draft","dm","Respect the consistency Jane. Do you usually train mornings or evenings?","2025-08-23T16:34:55.487755+00:00","","","","",""
"f6aaee55-e4ea-4156-9f94-72bc2347510e","a6d77b37-0ef0-4932-a53b-a73a9fed8fec","facebook","draft","like","","2025-08-23T16:34:55.487755+00:00","","","","",""
"e7b3473b-92d0-4a53-9f43-5dd7a573e0e7","a6d77b37-0ef0-4932-a53b-a73a9fed8fec","instagram","approved","like","","2025-08-23T16:34:55.487755+00:00","2025-08-23T16:35:13.651+00:00","2025-08-23T16:39:48.137+00:00","","",""
"afa545e9-1458-4d99-bc70-d180a0a85297","a6d77b37-0ef0-4932-a53b-a73a9fed8fec","instagram","approved","comment","Clean work. How often are you posting lately?","2025-08-23T16:34:55.487755+00:00","2025-08-23T16:35:13.651+00:00","2025-08-23T16:42:01.137+00:00","","",""
"ff687ccd-8753-4539-b61a-9a31e5c783fe","a6d77b37-0ef0-4932-a53b-a73a9fed8fec","linkedin","sent","dm","Hey Jane, appreciated your update. What are you focused on this quarter?","2025-08-23T16:34:55.487755+00:00","2025-08-23T16:35:13.651+00:00","2025-08-23T16:38:06.137+00:00","2025-08-23T17:38:18.334+00:00","",""
"dc0629e4-7dc9-49e8-a839-2c9d9f62ce25","a6d77b37-0ef0-4932-a53b-a73a9fed8fec","facebook","draft","comment","Nice update. What helped most here?","2025-08-23T16:34:55.487755+00:00","","","","",""
"0597f2ea-1bc3-4ee9-8cbf-4301a54b07d6","a6d77b37-0ef0-4932-a53b-a73a9fed8fec","facebook","draft","dm","Hey Jane, saw your post earlier. What are you building right now?","2025-08-23T16:34:55.487755+00:00","","","","",""
"3e68546e-81da-4b51-b10f-66390e4f2551","cf343f12-97ac-453a-95d9-1deb083adbfe","linkedin","draft","dm","Hey Moe, appreciated your update. What are you focused on this quarter?","2025-08-23T16:34:55.487755+00:00","","","","",""
"1980aa70-1848-4460-9a01-be6de1db91ba","cf343f12-97ac-453a-95d9-1deb083adbfe","instagram","draft","like","","2025-08-23T16:34:55.487755+00:00","","","","",""
"c93d4bb8-b836-4af2-a643-86ce9c98806b","cf343f12-97ac-453a-95d9-1deb083adbfe","instagram","draft","comment","Clean work. How often are you posting lately?","2025-08-23T16:34:55.487755+00:00","","","","",""
"5db361d3-e9c5-4486-a61c-e903c52c9364","cf343f12-97ac-453a-95d9-1deb083adbfe","instagram","draft","dm","Respect the consistency Moe. Do you usually train mornings or evenings?","2025-08-23T16:34:55.487755+00:00","","","","",""
"dad0feff-99d1-4cbb-9d72-f4caa4f0d58b","cf343f12-97ac-453a-95d9-1deb083adbfe","facebook","draft","like","","2025-08-23T16:34:55.487755+00:00","","","","",""
"d71b3d09-a863-4a7f-b012-ef8e75d62f99","cf343f12-97ac-453a-95d9-1deb083adbfe","facebook","draft","comment","Nice update. What helped most here?","2025-08-23T16:34:55.487755+00:00","","","","",""
"405175c9-cdde-4a7f-b21c-82302f5a0fb0","cf343f12-97ac-453a-95d9-1deb083adbfe","facebook","draft","dm","Hey Moe, saw your post earlier. What are you building right now?","2025-08-23T16:34:55.487755+00:00","","","","",""
"dd87deed-885d-4064-9290-9e0766c1d2e4","c1d64437-4a46-4eab-b40f-7122c70108e6","linkedin","draft","dm","Hey Sam, appreciated your update. What are you focused on this quarter?","2025-08-23T16:34:55.487755+00:00","","","","",""
"41503ce8-32b6-44cd-9146-651c1812368a","c1d64437-4a46-4eab-b40f-7122c70108e6","instagram","draft","like","","2025-08-23T16:34:55.487755+00:00","","","","",""
"fd9bd22b-8305-494e-b4e1-80143381d7f1","c1d64437-4a46-4eab-b40f-7122c70108e6","instagram","draft","comment","Clean work. How often are you posting lately?","2025-08-23T16:34:55.487755+00:00","","","","",""
"762e654c-edd7-494a-9f57-6cb8a886c007","c1d64437-4a46-4eab-b40f-7122c70108e6","instagram","draft","dm","Respect the consistency Sam. Do you usually train mornings or evenings?","2025-08-23T16:34:55.487755+00:00","","","","",""
"c1e17ffc-b360-4320-b334-9cf63c441c0e","c1d64437-4a46-4eab-b40f-7122c70108e6","facebook","draft","like","","2025-08-23T16:34:55.487755+00:00","","","","",""
"d0aec09e-ebca-432e-875f-6f2e2a137948","c1d64437-4a46-4eab-b40f-7122c70108e6","facebook","draft","comment","Nice update. What helped most here?","2025-08-23T16:34:55.487755+00:00","","","","",""
"051850c6-4d4b-466c-bc7d-32c8f0b49f7c","c1d64437-4a46-4eab-b40f-7122c70108e6","facebook","draft","dm","Hey Sam, saw your post earlier. What are you building right now?","2025-08-23T16:34:55.487755+00:00","","","","",""
"bf69883a-bcad-4a13-9419-c2d16376ae0c","457299ea-6aa1-4a22-8e91-8f8a78148835","linkedin","draft","dm","Hey Sam, appreciated your update. What are you focused on this quarter?","2025-08-23T16:34:55.487755+00:00","","","","",""
"20d610d4-817e-4eba-845d-9fcda7e0a560","457299ea-6aa1-4a22-8e91-8f8a78148835","instagram","draft","like","","2025-08-23T16:34:55.487755+00:00","","","","",""
"85d01142-1000-48c5-900e-823ae001d083","457299ea-6aa1-4a22-8e91-8f8a78148835","instagram","draft","comment","Clean work. How often are you posting lately?","2025-08-23T16:34:55.487755+00:00","","","","",""
"9554d670-b775-40de-afe7-5a2be97e6fc8","457299ea-6aa1-4a22-8e91-8f8a78148835","instagram","draft","dm","Respect the consistency Sam. Do you usually train mornings or evenings?","2025-08-23T16:34:55.487755+00:00","","","","",""
"6115f908-bae9-4f8b-906e-98881b773eeb","457299ea-6aa1-4a22-8e91-8f8a78148835","facebook","draft","like","","2025-08-23T16:34:55.487755+00:00","","","","",""
"b542e1be-51f0-456e-9b06-090befdb7f05","457299ea-6aa1-4a22-8e91-8f8a78148835","facebook","draft","comment","Nice update. What helped most here?","2025-08-23T16:34:55.487755+00:00","","","","",""
"10f3590a-f5e8-4aa1-9ab4-720ebb55ccde","457299ea-6aa1-4a22-8e91-8f8a78148835","facebook","draft","dm","Hey Sam, saw your post earlier. What are you building right now?","2025-08-23T16:34:55.487755+00:00","","","","",""
"a396d72c-ea9a-4477-a126-79808331da60","5f0ed62c-ffe3-4362-9aba-5b30758a2e11","linkedin","draft","dm","Hey Moe, appreciated your update. What are you focused on this quarter?","2025-08-23T16:34:55.487755+00:00","","","","",""
"22898a7a-5a46-4e67-ba1e-7e706b1d66f2","5f0ed62c-ffe3-4362-9aba-5b30758a2e11","instagram","draft","like","","2025-08-23T16:34:55.487755+00:00","","","","",""
"4a8c13c0-71f7-4058-938b-e3c6580cd19b","5f0ed62c-ffe3-4362-9aba-5b30758a2e11","instagram","draft","comment","Clean work. How often are you posting lately?","2025-08-23T16:34:55.487755+00:00","","","","",""
"a162f632-52e0-4534-8a0f-0c696f2a9cde","5f0ed62c-ffe3-4362-9aba-5b30758a2e11","instagram","draft","dm","Respect the consistency Moe. Do you usually train mornings or evenings?","2025-08-23T16:34:55.487755+00:00","","","","",""
"c25e5a0d-012b-45be-9b0b-3647939faba7","5f0ed62c-ffe3-4362-9aba-5b30758a2e11","facebook","draft","like","","2025-08-23T16:34:55.487755+00:00","","","","",""
"8163b49a-e7c8-47b7-abcf-a55b35bbb1d2","5f0ed62c-ffe3-4362-9aba-5b30758a2e11","facebook","draft","comment","Nice update. What helped most here?","2025-08-23T16:34:55.487755+00:00","","","","",""
"ddb99c4b-3f2a-4d5e-bbd6-bdf4335c1210","5f0ed62c-ffe3-4362-9aba-5b30758a2e11","facebook","draft","dm","Hey Moe, saw your post earlier. What are you building right now?","2025-08-23T16:34:55.487755+00:00","","","","",""
"fefcc9d0-c6f9-445e-b99f-4cc2832d4400","20a5f465-d339-4a0f-ae4d-bba48a560a6b","linkedin","draft","dm","Hey Jane, appreciated your update. What are you focused on this quarter?","2025-08-23T16:34:55.487755+00:00","","","","",""
"a64e64d4-c633-46ae-8865-ee5ddcea67a4","20a5f465-d339-4a0f-ae4d-bba48a560a6b","instagram","draft","like","","2025-08-23T16:34:55.487755+00:00","","","","",""
"6b970b90-a9b1-424e-8372-61ccae488ba7","20a5f465-d339-4a0f-ae4d-bba48a560a6b","instagram","draft","comment","Clean work. How often are you posting lately?","2025-08-23T16:34:55.487755+00:00","","","","",""
"85b19e7d-ec1c-4ace-827c-f9817337459d","20a5f465-d339-4a0f-ae4d-bba48a560a6b","instagram","draft","dm","Respect the consistency Jane. Do you usually train mornings or evenings?","2025-08-23T16:34:55.487755+00:00","","","","",""
"58b58b5d-e26f-4434-9bc3-2342b21746cc","20a5f465-d339-4a0f-ae4d-bba48a560a6b","facebook","draft","like","","2025-08-23T16:34:55.487755+00:00","","","","",""
"858f7080-2d10-4947-aee4-fdd43e47f864","20a5f465-d339-4a0f-ae4d-bba48a560a6b","facebook","draft","comment","Nice update. What helped most here?","2025-08-23T16:34:55.487755+00:00","","","","",""
"ab4ebd5c-264e-444c-ae9f-d6778c6ac270","20a5f465-d339-4a0f-ae4d-bba48a560a6b","facebook","draft","dm","Hey Jane, saw your post earlier. What are you building right now?","2025-08-23T16:34:55.487755+00:00","","","","",""
"5132fa8d-2a04-4ea5-a739-092f0387e008","a6d77b37-0ef0-4932-a53b-a73a9fed8fec","linkedin","draft","dm","Hey Jane, appreciated your update. What are you focused on this quarter?","2025-08-22T23:33:15.429125+00:00","","","","",""
"da568632-2d5f-4f67-b3ad-25cd4ef1305e","a6d77b37-0ef0-4932-a53b-a73a9fed8fec","instagram","draft","like","","2025-08-22T23:33:15.429125+00:00","","","","",""
"bb5866c0-e4e8-4fba-8203-41cfcf6ec84e","a6d77b37-0ef0-4932-a53b-a73a9fed8fec","instagram","draft","comment","Clean work. How often are you posting lately?","2025-08-22T23:33:15.429125+00:00","","","","",""
"40d34690-c269-4d4a-bc78-72494b844812","a6d77b37-0ef0-4932-a53b-a73a9fed8fec","instagram","draft","dm","Respect the consistency Jane. Do you usually train mornings or evenings?","2025-08-22T23:33:15.429125+00:00","","","","",""
"a61a4e81-f0e1-4797-b906-e52743150bf5","a6d77b37-0ef0-4932-a53b-a73a9fed8fec","facebook","draft","like","","2025-08-22T23:33:15.429125+00:00","","","","",""
"db13a029-c062-48fd-8e88-75c4b3aa9a48","a6d77b37-0ef0-4932-a53b-a73a9fed8fec","facebook","draft","comment","Nice update. What helped most here?","2025-08-22T23:33:15.429125+00:00","","","","",""
"5c73d67d-9207-4662-8433-feca04518050","a6d77b37-0ef0-4932-a53b-a73a9fed8fec","facebook","draft","dm","Hey Jane, saw your post earlier. What are you building right now?","2025-08-22T23:33:15.429125+00:00","","","","",""
"f1bc7192-6b58-44fd-867f-c1d5c8f8bab7","cf343f12-97ac-453a-95d9-1deb083adbfe","linkedin","draft","dm","Hey Moe, appreciated your update. What are you focused on this quarter?","2025-08-22T23:33:15.429125+00:00","","","","",""
"6cfabfa3-411d-49a6-8725-d23fd00b05dc","cf343f12-97ac-453a-95d9-1deb083adbfe","instagram","draft","like","","2025-08-22T23:33:15.429125+00:00","","","","",""
"446bbff9-fe8e-424b-a791-96f70a42e2a9","cf343f12-97ac-453a-95d9-1deb083adbfe","instagram","draft","comment","Clean work. How often are you posting lately?","2025-08-22T23:33:15.429125+00:00","","","","",""
"4262d1cf-e7e2-4b11-a39d-ad39c85013b5","cf343f12-97ac-453a-95d9-1deb083adbfe","instagram","draft","dm","Respect the consistency Moe. Do you usually train mornings or evenings?","2025-08-22T23:33:15.429125+00:00","","","","",""
"1b45c50f-0d5f-467c-8038-b20ee1d9eb2a","cf343f12-97ac-453a-95d9-1deb083adbfe","facebook","draft","like","","2025-08-22T23:33:15.429125+00:00","","","","",""
"7b90bebf-0e1d-4a13-ab8f-7caa046c1599","cf343f12-97ac-453a-95d9-1deb083adbfe","facebook","draft","comment","Nice update. What helped most here?","2025-08-22T23:33:15.429125+00:00","","","","",""
"ab066e67-6f0c-444c-8c38-04cc7005fb7f","cf343f12-97ac-453a-95d9-1deb083adbfe","facebook","draft","dm","Hey Moe, saw your post earlier. What are you building right now?","2025-08-22T23:33:15.429125+00:00","","","","",""
"c0eee5ed-6ebf-4bfc-81ca-ddb203897494","c1d64437-4a46-4eab-b40f-7122c70108e6","linkedin","draft","dm","Hey Sam, appreciated your update. What are you focused on this quarter?","2025-08-22T23:33:15.429125+00:00","","","","",""
"6c44cfa5-8687-42e2-be7e-e1c69305fd23","c1d64437-4a46-4eab-b40f-7122c70108e6","instagram","draft","like","","2025-08-22T23:33:15.429125+00:00","","","","",""
"345274ae-830b-464b-9eda-64795ec0200f","c1d64437-4a46-4eab-b40f-7122c70108e6","instagram","draft","comment","Clean work. How often are you posting lately?","2025-08-22T23:33:15.429125+00:00","","","","",""
"127f3ca5-1442-4ba1-bb15-ea39b2ccb15f","c1d64437-4a46-4eab-b40f-7122c70108e6","instagram","draft","dm","Respect the consistency Sam. Do you usually train mornings or evenings?","2025-08-22T23:33:15.429125+00:00","","","","",""
"053601ed-483e-474c-b432-5021cec08039","c1d64437-4a46-4eab-b40f-7122c70108e6","facebook","draft","like","","2025-08-22T23:33:15.429125+00:00","","","","",""
"c834b911-a102-4fd7-b080-bb7b95f98743","c1d64437-4a46-4eab-b40f-7122c70108e6","facebook","draft","comment","Nice update. What helped most here?","2025-08-22T23:33:15.429125+00:00","","","","",""
"ff745269-8ed4-49f9-9cb8-b8aec8d862ae","c1d64437-4a46-4eab-b40f-7122c70108e6","facebook","draft","dm","Hey Sam, saw your post earlier. What are you building right now?","2025-08-22T23:33:15.429125+00:00","","","","",""
"2d474941-5ccd-482d-b5e8-148f9e54c9ef","457299ea-6aa1-4a22-8e91-8f8a78148835","linkedin","draft","dm","Hey Sam, appreciated your update. What are you focused on this quarter?","2025-08-22T23:33:15.429125+00:00","","","","",""
"e313b24a-d946-4ed1-89fc-bef7ee721066","457299ea-6aa1-4a22-8e91-8f8a78148835","instagram","draft","comment","Clean work. How often are you posting lately?","2025-08-22T23:33:15.429125+00:00","","","","",""
"8808d8c6-b35c-40b7-adae-9f221fdc28d6","457299ea-6aa1-4a22-8e91-8f8a78148835","instagram","draft","dm","Respect the consistency Sam. Do you usually train mornings or evenings?","2025-08-22T23:33:15.429125+00:00","","","","",""
"6877ed73-1111-462f-aec2-ee4a1c941d49","457299ea-6aa1-4a22-8e91-8f8a78148835","facebook","draft","like","","2025-08-22T23:33:15.429125+00:00","","","","",""
"9cf73d81-dd2c-4d42-bd63-ad56e9c49d2e","457299ea-6aa1-4a22-8e91-8f8a78148835","facebook","draft","comment","Nice update. What helped most here?","2025-08-22T23:33:15.429125+00:00","","","","",""
"9647e08e-8063-4762-a7c1-94019adf6137","457299ea-6aa1-4a22-8e91-8f8a78148835","facebook","draft","dm","Hey Sam, saw your post earlier. What are you building right now?","2025-08-22T23:33:15.429125+00:00","","","","",""
"0066f01b-d487-4675-b690-aedd777bf9e0","5f0ed62c-ffe3-4362-9aba-5b30758a2e11","linkedin","draft","dm","Hey Moe, appreciated your update. What are you focused on this quarter?","2025-08-22T23:33:15.429125+00:00","","","","",""
"43a637ac-c256-4580-82f5-b57e8c576a24","5f0ed62c-ffe3-4362-9aba-5b30758a2e11","instagram","draft","like","","2025-08-22T23:33:15.429125+00:00","","","","",""
"b54f23b0-0926-41d7-aa96-b96e8e37ff6a","5f0ed62c-ffe3-4362-9aba-5b30758a2e11","instagram","draft","comment","Clean work. How often are you posting lately?","2025-08-22T23:33:15.429125+00:00","","","","",""
"46e3bca4-9612-4365-8d31-2a6c5409981c","5f0ed62c-ffe3-4362-9aba-5b30758a2e11","instagram","draft","dm","Respect the consistency Moe. Do you usually train mornings or evenings?","2025-08-22T23:33:15.429125+00:00","","","","",""
"a37289f4-a09c-4c6c-8dab-70a3682a7527","5f0ed62c-ffe3-4362-9aba-5b30758a2e11","facebook","draft","like","","2025-08-22T23:33:15.429125+00:00","","","","",""
"16cbb4f6-97b6-4656-968d-a5c9ae461255","5f0ed62c-ffe3-4362-9aba-5b30758a2e11","facebook","draft","comment","Nice update. What helped most here?","2025-08-22T23:33:15.429125+00:00","","","","",""
"2f0c09d6-545d-449e-bb0a-7bdde9e7ee27","5f0ed62c-ffe3-4362-9aba-5b30758a2e11","facebook","draft","dm","Hey Moe, saw your post earlier. What are you building right now?","2025-08-22T23:33:15.429125+00:00","","","","",""
"58370834-924c-47dd-b121-09bb5bd90af0","20a5f465-d339-4a0f-ae4d-bba48a560a6b","linkedin","draft","dm","Hey Jane, appreciated your update. What are you focused on this quarter?","2025-08-22T23:33:15.429125+00:00","","","","",""
"828f5a71-6d62-44e4-99e6-68177dc0bfb7","20a5f465-d339-4a0f-ae4d-bba48a560a6b","instagram","draft","like","","2025-08-22T23:33:15.429125+00:00","","","","",""
"e8f76c06-b90e-4d4f-a126-a8d1be9ad5ec","20a5f465-d339-4a0f-ae4d-bba48a560a6b","instagram","draft","comment","Clean work. How often are you posting lately?","2025-08-22T23:33:15.429125+00:00","","","","",""
"a03d0287-9dd9-47e6-a2d9-9e72729c1b55","20a5f465-d339-4a0f-ae4d-bba48a560a6b","instagram","draft","dm","Respect the consistency Jane. Do you usually train mornings or evenings?","2025-08-22T23:33:15.429125+00:00","","","","",""
"d4aa6142-a08a-40a1-8fe4-a70ed9c2b3eb","20a5f465-d339-4a0f-ae4d-bba48a560a6b","facebook","draft","like","","2025-08-22T23:33:15.429125+00:00","","","","",""
"470cc706-2082-4314-a07f-7d8b068647ed","20a5f465-d339-4a0f-ae4d-bba48a560a6b","facebook","approved","comment","Nice update. What helped most here?","2025-08-22T23:33:15.429125+00:00","2025-08-22T23:33:10.796+00:00","2025-08-22T23:37:28.504+00:00","","",""
"d0ae57e2-d73d-4a11-b48e-c6c0f04ae2b1","20a5f465-d339-4a0f-ae4d-bba48a560a6b","facebook","approved","dm","Hey Jane, saw your post earlier. What are you building right now?","2025-08-22T23:33:15.429125+00:00","2025-08-22T23:33:10.796+00:00","2025-08-22T23:41:46.504+00:00","","",""
"55ef5eff-9899-46c1-9f59-f08b699cf545","457299ea-6aa1-4a22-8e91-8f8a78148835","instagram","paused","like","","2025-08-22T23:33:15.429125+00:00","2025-08-22T23:33:10.385+00:00","2025-08-22T23:37:52.088+00:00","","",""
"1b9ce82b-0a7b-4c93-92c9-2b03fb6b5bcf","a6d77b37-0ef0-4932-a53b-a73a9fed8fec","linkedin","draft","dm","Hey Jane, appreciated your update. What are you focused on this quarter?","2025-08-22T23:30:19.404108+00:00","","","","",""
"bca3cd83-37e3-4d75-8bbd-147d04fc5f9e","a6d77b37-0ef0-4932-a53b-a73a9fed8fec","instagram","draft","like","","2025-08-22T23:30:19.404108+00:00","","","","",""
"9946baf1-cb09-4362-8a19-01d74e0fb937","a6d77b37-0ef0-4932-a53b-a73a9fed8fec","instagram","draft","comment","Clean work. How often are you posting lately?","2025-08-22T23:30:19.404108+00:00","","","","",""
"86e2c11d-6b50-4899-9b41-0c8b8b796656","a6d77b37-0ef0-4932-a53b-a73a9fed8fec","instagram","draft","dm","Respect the consistency Jane. Do you usually train mornings or evenings?","2025-08-22T23:30:19.404108+00:00","","","","",""
"d61ea251-b500-4de1-b8b4-be9b9b2e207d","a6d77b37-0ef0-4932-a53b-a73a9fed8fec","facebook","draft","like","","2025-08-22T23:30:19.404108+00:00","","","","",""
"18a54b9f-1636-448a-8252-ec6f370f9e56","a6d77b37-0ef0-4932-a53b-a73a9fed8fec","facebook","draft","comment","Nice update. What helped most here?","2025-08-22T23:30:19.404108+00:00","","","","",""
"ce8acfe3-c048-4b6b-b6c9-275d0cea29e9","a6d77b37-0ef0-4932-a53b-a73a9fed8fec","facebook","draft","dm","Hey Jane, saw your post earlier. What are you building right now?","2025-08-22T23:30:19.404108+00:00","","","","",""
"8858e947-7aed-496d-9642-2b5abdfd8df4","cf343f12-97ac-453a-95d9-1deb083adbfe","linkedin","draft","dm","Hey Moe, appreciated your update. What are you focused on this quarter?","2025-08-22T23:30:19.404108+00:00","","","","",""
"5e79d00b-1832-46c0-a165-70109b357c5f","cf343f12-97ac-453a-95d9-1deb083adbfe","instagram","draft","like","","2025-08-22T23:30:19.404108+00:00","","","","",""
"a0b7c7f5-e317-408e-be33-76bdde98ed91","cf343f12-97ac-453a-95d9-1deb083adbfe","instagram","draft","comment","Clean work. How often are you posting lately?","2025-08-22T23:30:19.404108+00:00","","","","",""
"30176f5a-e1cf-41c4-8390-f8a5293f48db","cf343f12-97ac-453a-95d9-1deb083adbfe","instagram","draft","dm","Respect the consistency Moe. Do you usually train mornings or evenings?","2025-08-22T23:30:19.404108+00:00","","","","",""
"4e5a9b91-99e8-4742-8e5a-928994596ecf","cf343f12-97ac-453a-95d9-1deb083adbfe","facebook","draft","like","","2025-08-22T23:30:19.404108+00:00","","","","",""
"6d3908cf-b85f-4826-9aeb-13a9f38e998d","cf343f12-97ac-453a-95d9-1deb083adbfe","facebook","draft","comment","Nice update. What helped most here?","2025-08-22T23:30:19.404108+00:00","","","","",""
"678aa817-6520-42e1-affd-a1e029c1bd32","cf343f12-97ac-453a-95d9-1deb083adbfe","facebook","draft","dm","Hey Moe, saw your post earlier. What are you building right now?","2025-08-22T23:30:19.404108+00:00","","","","",""
"eb516321-96b8-406e-8aa9-8162e03056c5","c1d64437-4a46-4eab-b40f-7122c70108e6","linkedin","draft","dm","Hey Sam, appreciated your update. What are you focused on this quarter?","2025-08-22T23:30:19.404108+00:00","","","","",""
"5463e3b3-e1d2-4c35-b07a-40783d022439","c1d64437-4a46-4eab-b40f-7122c70108e6","instagram","draft","like","","2025-08-22T23:30:19.404108+00:00","","","","",""
"b89d1427-3c98-4a0d-a19d-a19039af8d07","c1d64437-4a46-4eab-b40f-7122c70108e6","instagram","draft","comment","Clean work. How often are you posting lately?","2025-08-22T23:30:19.404108+00:00","","","","",""
"96a8d4c0-7236-4881-84fe-ea8fa4b53479","c1d64437-4a46-4eab-b40f-7122c70108e6","instagram","draft","dm","Respect the consistency Sam. Do you usually train mornings or evenings?","2025-08-22T23:30:19.404108+00:00","","","","",""
"1d69fde7-5430-4a26-baf8-a3628f6dee41","c1d64437-4a46-4eab-b40f-7122c70108e6","facebook","draft","like","","2025-08-22T23:30:19.404108+00:00","","","","",""
"7d76ae8d-1771-4716-9004-5eeacd18e818","c1d64437-4a46-4eab-b40f-7122c70108e6","facebook","draft","comment","Nice update. What helped most here?","2025-08-22T23:30:19.404108+00:00","","","","",""
"7fc3d577-c8a8-4ffc-8f90-c7d79d54467e","c1d64437-4a46-4eab-b40f-7122c70108e6","facebook","draft","dm","Hey Sam, saw your post earlier. What are you building right now?","2025-08-22T23:30:19.404108+00:00","","","","",""
"32c5b56d-0389-4094-a9e9-5179e74d92ae","457299ea-6aa1-4a22-8e91-8f8a78148835","linkedin","draft","dm","Hey Sam, appreciated your update. What are you focused on this quarter?","2025-08-22T23:30:19.404108+00:00","","","","",""
"c29f427e-2a7b-463d-a10a-7a2ea8fca800","457299ea-6aa1-4a22-8e91-8f8a78148835","instagram","draft","like","","2025-08-22T23:30:19.404108+00:00","","","","",""
"25335900-2f2e-4056-be2f-e81a3c3f81db","457299ea-6aa1-4a22-8e91-8f8a78148835","instagram","draft","comment","Clean work. How often are you posting lately?","2025-08-22T23:30:19.404108+00:00","","","","",""
"14334266-afd0-40dc-88ec-963b0a0cae53","457299ea-6aa1-4a22-8e91-8f8a78148835","instagram","draft","dm","Respect the consistency Sam. Do you usually train mornings or evenings?","2025-08-22T23:30:19.404108+00:00","","","","",""
"a2fe7878-053e-43e5-b8d4-2088312ae2e2","457299ea-6aa1-4a22-8e91-8f8a78148835","facebook","draft","like","","2025-08-22T23:30:19.404108+00:00","","","","",""
"5b10cca2-a0ee-4396-ba27-e40df86676e5","457299ea-6aa1-4a22-8e91-8f8a78148835","facebook","draft","comment","Nice update. What helped most here?","2025-08-22T23:30:19.404108+00:00","","","","",""
"8836da6a-9609-4bd2-bd28-f39b18083f31","457299ea-6aa1-4a22-8e91-8f8a78148835","facebook","draft","dm","Hey Sam, saw your post earlier. What are you building right now?","2025-08-22T23:30:19.404108+00:00","","","","",""
"6808f29f-444e-459f-966d-760c435c2e51","5f0ed62c-ffe3-4362-9aba-5b30758a2e11","linkedin","draft","dm","Hey Moe, appreciated your update. What are you focused on this quarter?","2025-08-22T23:30:19.404108+00:00","","","","",""
"6d737115-81c9-49f5-a623-56aaab5d24e3","5f0ed62c-ffe3-4362-9aba-5b30758a2e11","instagram","draft","like","","2025-08-22T23:30:19.404108+00:00","","","","",""
"2b7a9352-4f64-48de-baf1-30a0ca8ad1ae","5f0ed62c-ffe3-4362-9aba-5b30758a2e11","instagram","draft","comment","Clean work. How often are you posting lately?","2025-08-22T23:30:19.404108+00:00","","","","",""
"2ecb5df4-a692-48a4-b643-2f6819ed0f63","5f0ed62c-ffe3-4362-9aba-5b30758a2e11","instagram","draft","dm","Respect the consistency Moe. Do you usually train mornings or evenings?","2025-08-22T23:30:19.404108+00:00","","","","",""
"ed593e7b-3ec4-4f14-8e7f-1d0a8978a1e3","5f0ed62c-ffe3-4362-9aba-5b30758a2e11","facebook","draft","like","","2025-08-22T23:30:19.404108+00:00","","","","",""
"14ea044a-30ad-44c9-8b92-4d8ef1623ad8","5f0ed62c-ffe3-4362-9aba-5b30758a2e11","facebook","draft","comment","Nice update. What helped most here?","2025-08-22T23:30:19.404108+00:00","","","","",""
"362fec2d-f068-4bed-9c04-31321d50091a","5f0ed62c-ffe3-4362-9aba-5b30758a2e11","facebook","draft","dm","Hey Moe, saw your post earlier. What are you building right now?","2025-08-22T23:30:19.404108+00:00","","","","",""
"8a66ce1d-9944-4eae-a9ad-fd7cb5619258","20a5f465-d339-4a0f-ae4d-bba48a560a6b","linkedin","draft","dm","Hey Jane, appreciated your update. What are you focused on this quarter?","2025-08-22T23:30:19.404108+00:00","","","","",""
"668e3c2d-f079-46eb-90f7-4b4dc126e304","20a5f465-d339-4a0f-ae4d-bba48a560a6b","instagram","draft","like","","2025-08-22T23:30:19.404108+00:00","","","","",""
"33d0f9d9-0fb2-4c26-bc35-30299b21465d","20a5f465-d339-4a0f-ae4d-bba48a560a6b","instagram","draft","comment","Clean work. How often are you posting lately?","2025-08-22T23:30:19.404108+00:00","","","","",""
"ba7fe2d2-134e-47fa-af6a-e0212cad30a2","20a5f465-d339-4a0f-ae4d-bba48a560a6b","instagram","draft","dm","Respect the consistency Jane. Do you usually train mornings or evenings?","2025-08-22T23:30:19.404108+00:00","","","","",""
"a90ce7ca-8039-46ff-8335-de54163ee921","20a5f465-d339-4a0f-ae4d-bba48a560a6b","facebook","draft","like","","2025-08-22T23:30:19.404108+00:00","","","","",""
"a210dba1-9ad1-4750-9452-67db7ec5b5bc","20a5f465-d339-4a0f-ae4d-bba48a560a6b","facebook","draft","comment","Nice update. What helped most here?","2025-08-22T23:30:19.404108+00:00","","","","",""
"3cb3ec38-a220-4b4a-809d-9ffd32290d63","20a5f465-d339-4a0f-ae4d-bba48a560a6b","facebook","draft","dm","Hey Jane, saw your post earlier. What are you building right now?","2025-08-22T23:30:19.404108+00:00","","","","",""
"6168ce5d-b2cc-46b4-86ac-b199c242dafe","a6d77b37-0ef0-4932-a53b-a73a9fed8fec","linkedin","draft","dm","Hey Jane, appreciated your update. What are you focused on this quarter?","2025-08-22T23:24:39.243469+00:00","","","","",""
"481ac0fc-85aa-430a-ab89-293a4630611a","a6d77b37-0ef0-4932-a53b-a73a9fed8fec","instagram","draft","like","","2025-08-22T23:24:39.243469+00:00","","","","",""
"5ac09098-4042-46bb-87ec-cbc8ad6195db","a6d77b37-0ef0-4932-a53b-a73a9fed8fec","instagram","draft","comment","Clean work. How often are you posting lately?","2025-08-22T23:24:39.243469+00:00","","","","",""
"403d18b7-a618-485a-94e5-0878c3d6c852","a6d77b37-0ef0-4932-a53b-a73a9fed8fec","instagram","draft","dm","Respect the consistency Jane. Do you usually train mornings or evenings?","2025-08-22T23:24:39.243469+00:00","","","","",""
"8362c21d-64c1-4888-a27d-cf999eec136f","a6d77b37-0ef0-4932-a53b-a73a9fed8fec","facebook","draft","like","","2025-08-22T23:24:39.243469+00:00","","","","",""
"5df7c3f7-4837-4f2d-bc7e-eba44ebd96cd","a6d77b37-0ef0-4932-a53b-a73a9fed8fec","facebook","draft","comment","Nice update. What helped most here?","2025-08-22T23:24:39.243469+00:00","","","","",""
"8f59b530-43cc-4a1d-b142-a26aa1b528eb","a6d77b37-0ef0-4932-a53b-a73a9fed8fec","facebook","draft","dm","Hey Jane, saw your post earlier. What are you building right now?","2025-08-22T23:24:39.243469+00:00","","","","",""
"32cfb931-53b7-44e9-9868-6825b013a0ca","a6d77b37-0ef0-4932-a53b-a73a9fed8fec","x","draft","like","","2025-08-22T23:24:39.243469+00:00","","","","",""
"8f3199b6-610e-404c-8084-7c07c75a32c5","a6d77b37-0ef0-4932-a53b-a73a9fed8fec","x","draft","comment","Good point. What made you test that?","2025-08-22T23:24:39.243469+00:00","","","","",""
"fb9fd6d3-648d-4c50-b576-106ee9f98427","a6d77b37-0ef0-4932-a53b-a73a9fed8fec","x","draft","dm","Saw your post Jane. What are you optimizing for this month?","2025-08-22T23:24:39.243469+00:00","","","","",""
"eb96138d-90f6-4856-95f8-e6723e86f5fa","a6d77b37-0ef0-4932-a53b-a73a9fed8fec","threads","draft","like","","2025-08-22T23:24:39.243469+00:00","","","","",""
"87855f19-8c81-491f-a1ac-9f82451ec568","a6d77b37-0ef0-4932-a53b-a73a9fed8fec","threads","draft","comment","Interesting take. What sparked it?","2025-08-22T23:24:39.243469+00:00","","","","",""
"b811e478-f4db-45d4-a7f7-fad3b0cdbb49","a6d77b37-0ef0-4932-a53b-a73a9fed8fec","threads","draft","dm","Appreciate your posts. What are you focusing on right now?","2025-08-22T23:24:39.243469+00:00","","","","",""
"bccc134d-3644-4885-9291-58e20e624e6c","a6d77b37-0ef0-4932-a53b-a73a9fed8fec","tiktok","draft","like","","2025-08-22T23:24:39.243469+00:00","","","","",""
"b2acf258-d87f-477e-b614-9231ffe0d12a","a6d77b37-0ef0-4932-a53b-a73a9fed8fec","tiktok","draft","comment","Solid clip. What was the hardest part to get right?","2025-08-22T23:24:39.243469+00:00","","","","",""
"66de8ea8-22b4-47d2-b8b3-265923f251b6","a6d77b37-0ef0-4932-a53b-a73a9fed8fec","tiktok","draft","dm","Respect the pace. Do you batch or post daily?","2025-08-22T23:24:39.243469+00:00","","","","",""
"f8811ee6-bc2a-4c8d-8c44-03bbe27cbf80","a6d77b37-0ef0-4932-a53b-a73a9fed8fec","reddit","draft","comment","Good breakdown. What source did you like most?","2025-08-22T23:24:39.243469+00:00","","","","",""
"4d25c418-0228-45e5-aab1-91466f31ae25","a6d77b37-0ef0-4932-a53b-a73a9fed8fec","reddit","draft","dm","Saw your comment. What are you working toward with this?","2025-08-22T23:24:39.243469+00:00","","","","",""
"0fccb99b-2817-43bd-b7b9-4cac7c48bcb0","a6d77b37-0ef0-4932-a53b-a73a9fed8fec","pinterest","draft","like","","2025-08-22T23:24:39.243469+00:00","","","","",""
"02d2b968-aed0-4944-9d53-339b74913acb","a6d77b37-0ef0-4932-a53b-a73a9fed8fec","pinterest","draft","comment","Nice board. What inspired this theme?","2025-08-22T23:24:39.243469+00:00","","","","",""
"994f8ff8-4a06-4bb1-bbda-198c8e1af26c","a6d77b37-0ef0-4932-a53b-a73a9fed8fec","pinterest","draft","dm","Enjoyed your board. Are you building anything around this?","2025-08-22T23:24:39.243469+00:00","","","","",""
"a63080c8-58fd-4e20-884a-f77cf8edfefc","a6d77b37-0ef0-4932-a53b-a73a9fed8fec","youtube","draft","comment","Helpful video. What led you to try that approach?","2025-08-22T23:24:39.243469+00:00","","","","",""
"cea2d573-3ff7-474d-93e0-511cbb34c2f8","a6d77b37-0ef0-4932-a53b-a73a9fed8fec","youtube","draft","dm","Appreciated your video. What are you aiming to grow next?","2025-08-22T23:24:39.243469+00:00","","","","",""
"339c9eee-79b6-49f4-a4b9-b5c0c602c724","cf343f12-97ac-453a-95d9-1deb083adbfe","linkedin","draft","dm","Hey Moe, appreciated your update. What are you focused on this quarter?","2025-08-22T23:24:39.243469+00:00","","","","",""
"b6b6530b-d8a8-4f10-a72c-1194046f6cef","cf343f12-97ac-453a-95d9-1deb083adbfe","instagram","draft","like","","2025-08-22T23:24:39.243469+00:00","","","","",""
"4c966bd8-fea9-4f4c-bd63-5d548d5d60ed","cf343f12-97ac-453a-95d9-1deb083adbfe","instagram","draft","comment","Clean work. How often are you posting lately?","2025-08-22T23:24:39.243469+00:00","","","","",""
"7b032ebe-930a-423f-8b5c-acd21adef8fe","cf343f12-97ac-453a-95d9-1deb083adbfe","instagram","draft","dm","Respect the consistency Moe. Do you usually train mornings or evenings?","2025-08-22T23:24:39.243469+00:00","","","","",""
"be7cb775-bdbd-45b9-8a3c-c484692a76a3","cf343f12-97ac-453a-95d9-1deb083adbfe","facebook","draft","like","","2025-08-22T23:24:39.243469+00:00","","","","",""
"d05ea899-24ce-4a8e-8276-fe50f239a300","cf343f12-97ac-453a-95d9-1deb083adbfe","facebook","draft","comment","Nice update. What helped most here?","2025-08-22T23:24:39.243469+00:00","","","","",""
"a6aa5658-fef2-42ed-aec6-edf32d45238f","cf343f12-97ac-453a-95d9-1deb083adbfe","facebook","draft","dm","Hey Moe, saw your post earlier. What are you building right now?","2025-08-22T23:24:39.243469+00:00","","","","",""
"ef451b58-10b7-45f7-aa82-99ae7220da58","cf343f12-97ac-453a-95d9-1deb083adbfe","x","draft","like","","2025-08-22T23:24:39.243469+00:00","","","","",""
"2d65641d-fb2f-4e39-ae9f-2c525d76d94f","cf343f12-97ac-453a-95d9-1deb083adbfe","x","draft","comment","Good point. What made you test that?","2025-08-22T23:24:39.243469+00:00","","","","",""
"36524e78-04fb-466d-a643-01d825da9759","cf343f12-97ac-453a-95d9-1deb083adbfe","x","draft","dm","Saw your post Moe. What are you optimizing for this month?","2025-08-22T23:24:39.243469+00:00","","","","",""
"c744debc-19e6-4389-b476-2003999a3277","cf343f12-97ac-453a-95d9-1deb083adbfe","threads","draft","like","","2025-08-22T23:24:39.243469+00:00","","","","",""
"6647789e-2ad1-4b6d-bec3-02147b444415","cf343f12-97ac-453a-95d9-1deb083adbfe","threads","draft","comment","Interesting take. What sparked it?","2025-08-22T23:24:39.243469+00:00","","","","",""
"65699fc1-3b06-424f-b8f4-4b781abbbbc5","cf343f12-97ac-453a-95d9-1deb083adbfe","threads","draft","dm","Appreciate your posts. What are you focusing on right now?","2025-08-22T23:24:39.243469+00:00","","","","",""
"94d38b07-591e-4e18-9ed2-4f8885a0e4a0","cf343f12-97ac-453a-95d9-1deb083adbfe","tiktok","draft","like","","2025-08-22T23:24:39.243469+00:00","","","","",""
"b2d1bc33-75c2-4584-b57a-30aefba6034a","cf343f12-97ac-453a-95d9-1deb083adbfe","tiktok","draft","comment","Solid clip. What was the hardest part to get right?","2025-08-22T23:24:39.243469+00:00","","","","",""
"7014ebcc-6dfd-4fd0-aa19-458389a5d1b9","cf343f12-97ac-453a-95d9-1deb083adbfe","tiktok","draft","dm","Respect the pace. Do you batch or post daily?","2025-08-22T23:24:39.243469+00:00","","","","",""
"3e309c9c-8f62-4849-8848-03084b776cf7","cf343f12-97ac-453a-95d9-1deb083adbfe","reddit","draft","comment","Good breakdown. What source did you like most?","2025-08-22T23:24:39.243469+00:00","","","","",""
"7eb72dfc-a7ee-42ca-8d4d-2ae721c0e866","cf343f12-97ac-453a-95d9-1deb083adbfe","reddit","draft","dm","Saw your comment. What are you working toward with this?","2025-08-22T23:24:39.243469+00:00","","","","",""
"9a6784bc-45e6-4009-a237-3940fa70529b","cf343f12-97ac-453a-95d9-1deb083adbfe","pinterest","draft","like","","2025-08-22T23:24:39.243469+00:00","","","","",""
"333c640c-ba6f-4cb6-aa9e-469e3429849e","cf343f12-97ac-453a-95d9-1deb083adbfe","pinterest","draft","comment","Nice board. What inspired this theme?","2025-08-22T23:24:39.243469+00:00","","","","",""
"922b8bb4-332f-4bd3-b438-43ec442d86f2","cf343f12-97ac-453a-95d9-1deb083adbfe","pinterest","draft","dm","Enjoyed your board. Are you building anything around this?","2025-08-22T23:24:39.243469+00:00","","","","",""
"c83092e5-183d-4330-ae11-5c832639e87e","cf343f12-97ac-453a-95d9-1deb083adbfe","youtube","draft","comment","Helpful video. What led you to try that approach?","2025-08-22T23:24:39.243469+00:00","","","","",""
"8bd832de-7f74-43a0-9b85-598acaea7b74","cf343f12-97ac-453a-95d9-1deb083adbfe","youtube","draft","dm","Appreciated your video. What are you aiming to grow next?","2025-08-22T23:24:39.243469+00:00","","","","",""
"c4355c4d-bdd8-4999-bff6-58efb9eae31c","c1d64437-4a46-4eab-b40f-7122c70108e6","linkedin","draft","dm","Hey Sam, appreciated your update. What are you focused on this quarter?","2025-08-22T23:24:39.243469+00:00","","","","",""
"940792b3-ceb3-42a2-b5dd-3edd601ae85c","c1d64437-4a46-4eab-b40f-7122c70108e6","instagram","draft","like","","2025-08-22T23:24:39.243469+00:00","","","","",""
"96279f3d-edd2-4297-9452-4d56b0952113","c1d64437-4a46-4eab-b40f-7122c70108e6","instagram","draft","comment","Clean work. How often are you posting lately?","2025-08-22T23:24:39.243469+00:00","","","","",""
"30315b9e-7c09-48e5-92f5-3ced1046f1bc","c1d64437-4a46-4eab-b40f-7122c70108e6","instagram","draft","dm","Respect the consistency Sam. Do you usually train mornings or evenings?","2025-08-22T23:24:39.243469+00:00","","","","",""
"e71e8fd1-ed37-454d-8e17-6b73143a19e1","c1d64437-4a46-4eab-b40f-7122c70108e6","facebook","draft","like","","2025-08-22T23:24:39.243469+00:00","","","","",""
"35441e14-ce8c-48d4-946a-d74340a0fc02","c1d64437-4a46-4eab-b40f-7122c70108e6","facebook","draft","comment","Nice update. What helped most here?","2025-08-22T23:24:39.243469+00:00","","","","",""
"56510366-aa97-4e20-ba48-f2f1f1154a76","c1d64437-4a46-4eab-b40f-7122c70108e6","facebook","draft","dm","Hey Sam, saw your post earlier. What are you building right now?","2025-08-22T23:24:39.243469+00:00","","","","",""
"bf1dfe30-4eb4-4328-9b66-a45eb5ae2f06","c1d64437-4a46-4eab-b40f-7122c70108e6","x","draft","like","","2025-08-22T23:24:39.243469+00:00","","","","",""
"9ca1f935-4420-47bf-9ced-080f58696eaa","c1d64437-4a46-4eab-b40f-7122c70108e6","x","draft","comment","Good point. What made you test that?","2025-08-22T23:24:39.243469+00:00","","","","",""
"7a22f910-865c-492f-a900-d9584c64dd0a","c1d64437-4a46-4eab-b40f-7122c70108e6","x","draft","dm","Saw your post Sam. What are you optimizing for this month?","2025-08-22T23:24:39.243469+00:00","","","","",""
"f91177fd-b770-4975-95f3-588df220a2de","c1d64437-4a46-4eab-b40f-7122c70108e6","threads","draft","like","","2025-08-22T23:24:39.243469+00:00","","","","",""
"676d326b-a012-4123-aa12-c53eb1825b0a","c1d64437-4a46-4eab-b40f-7122c70108e6","threads","draft","comment","Interesting take. What sparked it?","2025-08-22T23:24:39.243469+00:00","","","","",""
"c874f03a-bb61-4762-996b-bb65a32dcb27","c1d64437-4a46-4eab-b40f-7122c70108e6","threads","draft","dm","Appreciate your posts. What are you focusing on right now?","2025-08-22T23:24:39.243469+00:00","","","","",""
"dd8b6ab4-e8c8-4e4b-bdab-a29d4d2a4083","c1d64437-4a46-4eab-b40f-7122c70108e6","tiktok","draft","like","","2025-08-22T23:24:39.243469+00:00","","","","",""
"a5fba12e-97eb-409f-a04a-ef5162e90e39","c1d64437-4a46-4eab-b40f-7122c70108e6","tiktok","draft","comment","Solid clip. What was the hardest part to get right?","2025-08-22T23:24:39.243469+00:00","","","","",""
"942aeb93-bf13-45bd-8999-a6a1ccb85d71","c1d64437-4a46-4eab-b40f-7122c70108e6","tiktok","draft","dm","Respect the pace. Do you batch or post daily?","2025-08-22T23:24:39.243469+00:00","","","","",""
"eb341004-56c2-4434-9134-7fe36ab2332e","c1d64437-4a46-4eab-b40f-7122c70108e6","reddit","draft","comment","Good breakdown. What source did you like most?","2025-08-22T23:24:39.243469+00:00","","","","",""
"f1c4e7b8-e338-4e28-a5ba-94de2525f013","c1d64437-4a46-4eab-b40f-7122c70108e6","reddit","draft","dm","Saw your comment. What are you working toward with this?","2025-08-22T23:24:39.243469+00:00","","","","",""
"4f6eb5e2-99e1-4cb8-b441-2fff122c1fa5","c1d64437-4a46-4eab-b40f-7122c70108e6","pinterest","draft","like","","2025-08-22T23:24:39.243469+00:00","","","","",""
"e19b5bb0-ee78-406b-b134-a1d806398a42","c1d64437-4a46-4eab-b40f-7122c70108e6","pinterest","draft","comment","Nice board. What inspired this theme?","2025-08-22T23:24:39.243469+00:00","","","","",""
"17d247bc-2319-493e-ab33-27366ec78561","c1d64437-4a46-4eab-b40f-7122c70108e6","pinterest","draft","dm","Enjoyed your board. Are you building anything around this?","2025-08-22T23:24:39.243469+00:00","","","","",""
"bcbda896-6041-41f9-8c8e-038d733b1f68","c1d64437-4a46-4eab-b40f-7122c70108e6","youtube","draft","comment","Helpful video. What led you to try that approach?","2025-08-22T23:24:39.243469+00:00","","","","",""
"b090dc70-5da1-48f9-b8a1-8d355013b3c1","c1d64437-4a46-4eab-b40f-7122c70108e6","youtube","draft","dm","Appreciated your video. What are you aiming to grow next?","2025-08-22T23:24:39.243469+00:00","","","","",""
"49e68a5d-06a7-4cd6-bc83-be59d58ef8ae","457299ea-6aa1-4a22-8e91-8f8a78148835","linkedin","draft","dm","Hey Sam, appreciated your update. What are you focused on this quarter?","2025-08-22T23:24:39.243469+00:00","","","","",""
"728b6cd3-6bc4-497f-ab92-b72a83666d9b","457299ea-6aa1-4a22-8e91-8f8a78148835","instagram","draft","like","","2025-08-22T23:24:39.243469+00:00","","","","",""
"0303f921-9453-4e6b-bf0b-85e791f3c3d7","457299ea-6aa1-4a22-8e91-8f8a78148835","instagram","draft","comment","Clean work. How often are you posting lately?","2025-08-22T23:24:39.243469+00:00","","","","",""
"b49eee6a-1b28-4e48-b49c-88642c2bce90","457299ea-6aa1-4a22-8e91-8f8a78148835","instagram","draft","dm","Respect the consistency Sam. Do you usually train mornings or evenings?","2025-08-22T23:24:39.243469+00:00","","","","",""
"9bb5a2da-4300-4b24-bd13-f3e41cd602a8","457299ea-6aa1-4a22-8e91-8f8a78148835","facebook","draft","like","","2025-08-22T23:24:39.243469+00:00","","","","",""
"4b4b4eeb-dc30-46b1-afdf-f86de8fb59a1","457299ea-6aa1-4a22-8e91-8f8a78148835","facebook","draft","comment","Nice update. What helped most here?","2025-08-22T23:24:39.243469+00:00","","","","",""
"a4a5d050-1394-4407-9cb3-b95d5fb26c0d","457299ea-6aa1-4a22-8e91-8f8a78148835","facebook","draft","dm","Hey Sam, saw your post earlier. What are you building right now?","2025-08-22T23:24:39.243469+00:00","","","","",""
"2399cbda-7d97-42da-9da7-c5f9b8b203a6","457299ea-6aa1-4a22-8e91-8f8a78148835","x","draft","like","","2025-08-22T23:24:39.243469+00:00","","","","",""
"9e5fa304-236c-424d-b368-b8450dd4b394","457299ea-6aa1-4a22-8e91-8f8a78148835","x","draft","comment","Good point. What made you test that?","2025-08-22T23:24:39.243469+00:00","","","","",""
"e028c2fb-a7a6-4e69-a7b2-102c0806ec07","457299ea-6aa1-4a22-8e91-8f8a78148835","x","draft","dm","Saw your post Sam. What are you optimizing for this month?","2025-08-22T23:24:39.243469+00:00","","","","",""
"6381981b-2fec-4415-93b3-8d0a58ae25d7","457299ea-6aa1-4a22-8e91-8f8a78148835","threads","draft","like","","2025-08-22T23:24:39.243469+00:00","","","","",""
"443e4332-89b0-4839-a7a6-0e56acca3b9d","457299ea-6aa1-4a22-8e91-8f8a78148835","threads","draft","comment","Interesting take. What sparked it?","2025-08-22T23:24:39.243469+00:00","","","","",""
"98249abb-3ee4-47e4-a1a4-691d1891a7d3","457299ea-6aa1-4a22-8e91-8f8a78148835","threads","draft","dm","Appreciate your posts. What are you focusing on right now?","2025-08-22T23:24:39.243469+00:00","","","","",""
"2f760abe-bd65-459c-807f-a42be5d7f379","457299ea-6aa1-4a22-8e91-8f8a78148835","tiktok","draft","like","","2025-08-22T23:24:39.243469+00:00","","","","",""
"aadf214b-f351-4fc6-bd3b-8b5d669f83f0","457299ea-6aa1-4a22-8e91-8f8a78148835","tiktok","draft","comment","Solid clip. What was the hardest part to get right?","2025-08-22T23:24:39.243469+00:00","","","","",""
"00405ff0-85e1-4d1b-8758-62daab8326b1","457299ea-6aa1-4a22-8e91-8f8a78148835","tiktok","draft","dm","Respect the pace. Do you batch or post daily?","2025-08-22T23:24:39.243469+00:00","","","","",""
"911f3405-d648-4cfe-a046-564d0239937d","457299ea-6aa1-4a22-8e91-8f8a78148835","reddit","draft","comment","Good breakdown. What source did you like most?","2025-08-22T23:24:39.243469+00:00","","","","",""
"3432e3c5-c54d-4612-8018-9cc71ab18013","457299ea-6aa1-4a22-8e91-8f8a78148835","reddit","draft","dm","Saw your comment. What are you working toward with this?","2025-08-22T23:24:39.243469+00:00","","","","",""
"327898c5-24cd-4b4a-99b3-1ebc5684b8cf","457299ea-6aa1-4a22-8e91-8f8a78148835","pinterest","draft","like","","2025-08-22T23:24:39.243469+00:00","","","","",""
"5a50da6f-ace7-4b9e-974f-9b256417d5c4","457299ea-6aa1-4a22-8e91-8f8a78148835","pinterest","draft","comment","Nice board. What inspired this theme?","2025-08-22T23:24:39.243469+00:00","","","","",""
"87568417-fe02-4dbd-aac4-d36eb99ffae3","457299ea-6aa1-4a22-8e91-8f8a78148835","pinterest","draft","dm","Enjoyed your board. Are you building anything around this?","2025-08-22T23:24:39.243469+00:00","","","","",""
"78c55e1b-a4b5-4e4e-b76c-763ead2ba792","457299ea-6aa1-4a22-8e91-8f8a78148835","youtube","draft","comment","Helpful video. What led you to try that approach?","2025-08-22T23:24:39.243469+00:00","","","","",""
"4ac09bea-a153-4a48-8cae-b04cf4240126","457299ea-6aa1-4a22-8e91-8f8a78148835","youtube","draft","dm","Appreciated your video. What are you aiming to grow next?","2025-08-22T23:24:39.243469+00:00","","","","",""
"37b170af-ab23-4e7a-9d3f-a506206631fd","5f0ed62c-ffe3-4362-9aba-5b30758a2e11","linkedin","draft","dm","Hey Moe, appreciated your update. What are you focused on this quarter?","2025-08-22T23:24:39.243469+00:00","","","","",""
"9fd42fbf-31b1-4cad-950a-4e0c67db8f5c","5f0ed62c-ffe3-4362-9aba-5b30758a2e11","instagram","draft","like","","2025-08-22T23:24:39.243469+00:00","","","","",""
"4096fa09-b7a2-4681-9489-2123c4d798b3","5f0ed62c-ffe3-4362-9aba-5b30758a2e11","instagram","draft","comment","Clean work. How often are you posting lately?","2025-08-22T23:24:39.243469+00:00","","","","",""
"ac7dcf69-6a78-4ca2-afb9-d32aa9f0b184","5f0ed62c-ffe3-4362-9aba-5b30758a2e11","instagram","draft","dm","Respect the consistency Moe. Do you usually train mornings or evenings?","2025-08-22T23:24:39.243469+00:00","","","","",""
"0c1f87e2-c291-401f-8e6e-a30773fe270b","5f0ed62c-ffe3-4362-9aba-5b30758a2e11","facebook","draft","like","","2025-08-22T23:24:39.243469+00:00","","","","",""
"fde0ee84-4ba4-4194-8b90-02b9c2d7b01f","5f0ed62c-ffe3-4362-9aba-5b30758a2e11","facebook","draft","comment","Nice update. What helped most here?","2025-08-22T23:24:39.243469+00:00","","","","",""
"90c65953-d9e7-4ecc-9fe2-88620b8d1407","5f0ed62c-ffe3-4362-9aba-5b30758a2e11","facebook","draft","dm","Hey Moe, saw your post earlier. What are you building right now?","2025-08-22T23:24:39.243469+00:00","","","","",""
"ad2db4cb-d7e1-442d-99c0-cc82a637d29d","5f0ed62c-ffe3-4362-9aba-5b30758a2e11","x","draft","like","","2025-08-22T23:24:39.243469+00:00","","","","",""
"050b2dfc-850f-4e72-adf7-93ddb3ceef0b","5f0ed62c-ffe3-4362-9aba-5b30758a2e11","x","draft","comment","Good point. What made you test that?","2025-08-22T23:24:39.243469+00:00","","","","",""
"2f78fad0-ab07-457a-9c1e-108837b9e780","5f0ed62c-ffe3-4362-9aba-5b30758a2e11","x","draft","dm","Saw your post Moe. What are you optimizing for this month?","2025-08-22T23:24:39.243469+00:00","","","","",""
"3927e374-0b77-4344-a017-f6deed4fa83b","5f0ed62c-ffe3-4362-9aba-5b30758a2e11","threads","draft","like","","2025-08-22T23:24:39.243469+00:00","","","","",""
"05292484-6eb0-4e5e-b757-20f44f7206b7","5f0ed62c-ffe3-4362-9aba-5b30758a2e11","threads","draft","comment","Interesting take. What sparked it?","2025-08-22T23:24:39.243469+00:00","","","","",""
"989e3da2-65e1-49a9-9b0f-5561253d96b9","5f0ed62c-ffe3-4362-9aba-5b30758a2e11","threads","draft","dm","Appreciate your posts. What are you focusing on right now?","2025-08-22T23:24:39.243469+00:00","","","","",""
"e2308aec-b181-4738-8fe2-c54c0061c861","5f0ed62c-ffe3-4362-9aba-5b30758a2e11","tiktok","draft","like","","2025-08-22T23:24:39.243469+00:00","","","","",""
"3e000567-17fd-493e-b149-22730c67d2a8","5f0ed62c-ffe3-4362-9aba-5b30758a2e11","tiktok","draft","comment","Solid clip. What was the hardest part to get right?","2025-08-22T23:24:39.243469+00:00","","","","",""
"0c701474-dfed-4dc6-967a-d24ad8954f68","5f0ed62c-ffe3-4362-9aba-5b30758a2e11","tiktok","draft","dm","Respect the pace. Do you batch or post daily?","2025-08-22T23:24:39.243469+00:00","","","","",""
"3e9bd017-2ca8-4545-8844-0dbc40f5fd04","5f0ed62c-ffe3-4362-9aba-5b30758a2e11","reddit","draft","comment","Good breakdown. What source did you like most?","2025-08-22T23:24:39.243469+00:00","","","","",""
"9665b836-408b-44bf-93b4-9ec894a6d377","5f0ed62c-ffe3-4362-9aba-5b30758a2e11","reddit","draft","dm","Saw your comment. What are you working toward with this?","2025-08-22T23:24:39.243469+00:00","","","","",""
"b51bdcd1-2812-4bb6-9f81-96cfd45f2904","5f0ed62c-ffe3-4362-9aba-5b30758a2e11","pinterest","draft","like","","2025-08-22T23:24:39.243469+00:00","","","","",""
"747e3a40-9271-46a6-b612-f5cc8e67aad2","5f0ed62c-ffe3-4362-9aba-5b30758a2e11","pinterest","draft","comment","Nice board. What inspired this theme?","2025-08-22T23:24:39.243469+00:00","","","","",""
"be30645e-b23c-42b8-acb1-418f4633a2c6","5f0ed62c-ffe3-4362-9aba-5b30758a2e11","pinterest","draft","dm","Enjoyed your board. Are you building anything around this?","2025-08-22T23:24:39.243469+00:00","","","","",""
"e27d229c-e760-49e7-9ef2-8e33e5e18f85","5f0ed62c-ffe3-4362-9aba-5b30758a2e11","youtube","draft","comment","Helpful video. What led you to try that approach?","2025-08-22T23:24:39.243469+00:00","","","","",""
"23b1d919-9708-4500-af0b-a9ff80865e34","5f0ed62c-ffe3-4362-9aba-5b30758a2e11","youtube","draft","dm","Appreciated your video. What are you aiming to grow next?","2025-08-22T23:24:39.243469+00:00","","","","",""
"f8e8b15d-e2ec-4a02-b496-fc8039ae28a6","5f0ed62c-ffe3-4362-9aba-5b30758a2e11","pinterest","draft","like","","2025-08-22T22:46:17.326+00:00","","","","",""
"d1a8dfb7-4821-4ddd-9c4b-18441fa6fb4f","5f0ed62c-ffe3-4362-9aba-5b30758a2e11","pinterest","draft","comment","Nice board. What inspired this theme?","2025-08-22T22:46:17.326+00:00","","","","",""
"b6d58d8a-49b8-4261-a957-0381d65aa204","5f0ed62c-ffe3-4362-9aba-5b30758a2e11","pinterest","draft","dm","Enjoyed your board. Are you building anything around this?","2025-08-22T22:46:17.326+00:00","","","","",""
"31852d0a-bf33-4d91-9f2d-d8c4a297b340","5f0ed62c-ffe3-4362-9aba-5b30758a2e11","youtube","draft","like","","2025-08-22T22:46:17.326+00:00","","","","",""
"f497cefc-7b3d-4e25-8639-a96c9b14cc93","5f0ed62c-ffe3-4362-9aba-5b30758a2e11","youtube","draft","comment","Helpful video. What led you to try that approach?","2025-08-22T22:46:17.326+00:00","","","","",""
"4d2f813c-74ca-4be1-95aa-9d52ef2cf9dd","5f0ed62c-ffe3-4362-9aba-5b30758a2e11","youtube","draft","dm","Appreciated your video. What are you aiming to grow next?","2025-08-22T22:46:17.326+00:00","","","","",""
"cdea81e6-05d8-486a-86a5-0bd42de8494e","457299ea-6aa1-4a22-8e91-8f8a78148835","threads","draft","like","","2025-08-22T22:46:17.325+00:00","","","","",""
"26e1bd4d-c2a1-404b-870e-ff4034633c39","457299ea-6aa1-4a22-8e91-8f8a78148835","threads","draft","comment","Interesting take. What sparked it?","2025-08-22T22:46:17.325+00:00","","","","",""
"c07f175d-9e64-4cb1-b244-1efe4fe910bb","457299ea-6aa1-4a22-8e91-8f8a78148835","threads","draft","dm","Appreciate your posts. What are you focusing on right now?","2025-08-22T22:46:17.325+00:00","","","","",""
"7f027b1b-d4c9-47ce-a377-feb00d6fc63e","457299ea-6aa1-4a22-8e91-8f8a78148835","tiktok","draft","like","","2025-08-22T22:46:17.325+00:00","","","","",""
"7994d179-4b2e-4aec-afd4-49342a0b31d6","457299ea-6aa1-4a22-8e91-8f8a78148835","tiktok","draft","comment","Solid clip. What was the hardest part to get right?","2025-08-22T22:46:17.325+00:00","","","","",""
"fef0ab5f-aae9-4d98-859c-f1dd43f394a3","457299ea-6aa1-4a22-8e91-8f8a78148835","tiktok","draft","dm","Respect the pace. Do you batch or post daily?","2025-08-22T22:46:17.325+00:00","","","","",""
"46aca347-83c0-4bdb-9d92-16f0ca226958","457299ea-6aa1-4a22-8e91-8f8a78148835","reddit","draft","comment","Good breakdown. What source did you like most?","2025-08-22T22:46:17.325+00:00","","","","",""
"ee3e8889-3ec0-4b9a-a786-fd7cfb49b2c2","457299ea-6aa1-4a22-8e91-8f8a78148835","reddit","draft","dm","Saw your comment. What are you working toward with this?","2025-08-22T22:46:17.325+00:00","","","","",""
"8f760a68-d6ab-411d-9e0c-ae35acf071f8","457299ea-6aa1-4a22-8e91-8f8a78148835","pinterest","draft","like","","2025-08-22T22:46:17.325+00:00","","","","",""
"36d3f449-c1c4-4792-b805-b5072f00ef17","457299ea-6aa1-4a22-8e91-8f8a78148835","pinterest","draft","comment","Nice board. What inspired this theme?","2025-08-22T22:46:17.325+00:00","","","","",""
"a0e8c604-37fd-41f7-92ff-3f99010d36f1","457299ea-6aa1-4a22-8e91-8f8a78148835","pinterest","draft","dm","Enjoyed your board. Are you building anything around this?","2025-08-22T22:46:17.325+00:00","","","","",""
"45526571-7c14-4055-8ae3-ea9d0f38bc98","457299ea-6aa1-4a22-8e91-8f8a78148835","youtube","draft","like","","2025-08-22T22:46:17.325+00:00","","","","",""
"92a55e8c-ee81-4e9c-89d3-03755b05e2c5","457299ea-6aa1-4a22-8e91-8f8a78148835","youtube","draft","comment","Helpful video. What led you to try that approach?","2025-08-22T22:46:17.325+00:00","","","","",""
"6f67c741-cffd-4477-b77e-0570b0f44e80","457299ea-6aa1-4a22-8e91-8f8a78148835","youtube","draft","dm","Appreciated your video. What are you aiming to grow next?","2025-08-22T22:46:17.325+00:00","","","","",""
"7d338144-493b-4f30-9cae-a2bb5a1b380f","5f0ed62c-ffe3-4362-9aba-5b30758a2e11","linkedin","draft","like","","2025-08-22T22:46:17.325+00:00","","","","",""
"d6270dc5-f2d1-4397-83f8-d6c39b3a9e3e","5f0ed62c-ffe3-4362-9aba-5b30758a2e11","linkedin","draft","comment","Strong insight. What led you there?","2025-08-22T22:46:17.325+00:00","","","","",""
"e32abaa5-32d5-4cae-a217-502aeece2d95","5f0ed62c-ffe3-4362-9aba-5b30758a2e11","linkedin","draft","dm","Hey Moe, appreciated your update. What are you focused on this quarter?","2025-08-22T22:46:17.325+00:00","","","","",""
"f0221f53-83b9-4473-a46c-d33bd000c264","5f0ed62c-ffe3-4362-9aba-5b30758a2e11","instagram","draft","like","","2025-08-22T22:46:17.325+00:00","","","","",""
"0909f487-cd45-4f40-947c-b6098fd19a4a","5f0ed62c-ffe3-4362-9aba-5b30758a2e11","instagram","draft","comment","Clean work. How often are you posting lately?","2025-08-22T22:46:17.325+00:00","","","","",""
"a9530f50-187a-4255-a8c1-b371585c658b","5f0ed62c-ffe3-4362-9aba-5b30758a2e11","instagram","draft","dm","Respect the consistency Moe. Do you usually train mornings or evenings?","2025-08-22T22:46:17.325+00:00","","","","",""
"ea730626-ac9d-4fcd-9f98-b010e2cc4d7c","5f0ed62c-ffe3-4362-9aba-5b30758a2e11","facebook","draft","like","","2025-08-22T22:46:17.325+00:00","","","","",""
"8981c71e-eccd-4912-9662-c5d9246b2c35","5f0ed62c-ffe3-4362-9aba-5b30758a2e11","facebook","draft","comment","Nice update. What helped most here?","2025-08-22T22:46:17.325+00:00","","","","",""
"0f67c004-1022-472f-a7a2-502e662d744e","5f0ed62c-ffe3-4362-9aba-5b30758a2e11","facebook","draft","dm","Hey Moe, saw your post earlier. What are you building right now?","2025-08-22T22:46:17.325+00:00","","","","",""
"1bea11f5-f72a-4284-89bd-39921f7ec010","5f0ed62c-ffe3-4362-9aba-5b30758a2e11","x","draft","like","","2025-08-22T22:46:17.325+00:00","","","","",""
"5d199733-83a1-472d-867f-128b6233b1b4","5f0ed62c-ffe3-4362-9aba-5b30758a2e11","x","draft","comment","Good point. What made you test that?","2025-08-22T22:46:17.325+00:00","","","","",""
"b2d4ec83-ed17-4f18-9658-259bc8b61d47","5f0ed62c-ffe3-4362-9aba-5b30758a2e11","x","draft","dm","Saw your post Moe. What are you optimizing for this month?","2025-08-22T22:46:17.325+00:00","","","","",""
"591f9aa2-845b-4fd5-830b-2511b1d9430f","5f0ed62c-ffe3-4362-9aba-5b30758a2e11","threads","draft","like","","2025-08-22T22:46:17.325+00:00","","","","",""
"c41a5d71-86ef-464e-8c8b-14c1af676bd2","5f0ed62c-ffe3-4362-9aba-5b30758a2e11","threads","draft","comment","Interesting take. What sparked it?","2025-08-22T22:46:17.325+00:00","","","","",""
"77788a33-1c9e-430d-baf3-507e01797f71","5f0ed62c-ffe3-4362-9aba-5b30758a2e11","threads","draft","dm","Appreciate your posts. What are you focusing on right now?","2025-08-22T22:46:17.325+00:00","","","","",""
"b1a7b834-bfc6-4358-9883-78a56738b0a2","5f0ed62c-ffe3-4362-9aba-5b30758a2e11","tiktok","draft","like","","2025-08-22T22:46:17.325+00:00","","","","",""
"f7220e63-85d9-4450-bfae-743ec0d5abb6","5f0ed62c-ffe3-4362-9aba-5b30758a2e11","tiktok","draft","comment","Solid clip. What was the hardest part to get right?","2025-08-22T22:46:17.325+00:00","","","","",""
"21b37d4d-c787-4823-92b3-e40eae736ea4","5f0ed62c-ffe3-4362-9aba-5b30758a2e11","tiktok","draft","dm","Respect the pace. Do you batch or post daily?","2025-08-22T22:46:17.325+00:00","","","","",""
"d9233680-c272-4709-a5bb-9a04fb6474dd","5f0ed62c-ffe3-4362-9aba-5b30758a2e11","reddit","draft","comment","Good breakdown. What source did you like most?","2025-08-22T22:46:17.325+00:00","","","","",""
"2687fee3-7327-4c7b-9397-013ff9913fb0","5f0ed62c-ffe3-4362-9aba-5b30758a2e11","reddit","draft","dm","Saw your comment. What are you working toward with this?","2025-08-22T22:46:17.325+00:00","","","","",""
"0fcbab73-6f45-405a-912c-b92801a41e81","cf343f12-97ac-453a-95d9-1deb083adbfe","tiktok","draft","like","","2025-08-22T22:46:17.324+00:00","","","","",""
"8d3220c1-2642-4230-b50f-bca708748517","cf343f12-97ac-453a-95d9-1deb083adbfe","tiktok","draft","comment","Solid clip. What was the hardest part to get right?","2025-08-22T22:46:17.324+00:00","","","","",""
"1c32c959-74c2-40c2-8909-2ec51e84fa4e","cf343f12-97ac-453a-95d9-1deb083adbfe","tiktok","draft","dm","Respect the pace. Do you batch or post daily?","2025-08-22T22:46:17.324+00:00","","","","",""
"ee768b4f-bdd1-41e2-b89e-275a12bcc4e6","cf343f12-97ac-453a-95d9-1deb083adbfe","reddit","draft","comment","Good breakdown. What source did you like most?","2025-08-22T22:46:17.324+00:00","","","","",""
"cb84ef8a-ccd1-4b31-aea4-1a2051071db3","cf343f12-97ac-453a-95d9-1deb083adbfe","reddit","draft","dm","Saw your comment. What are you working toward with this?","2025-08-22T22:46:17.324+00:00","","","","",""
"ec4c54fd-c168-4041-9781-2184d4d3a7d8","cf343f12-97ac-453a-95d9-1deb083adbfe","pinterest","draft","like","","2025-08-22T22:46:17.324+00:00","","","","",""
"20cfb043-bb32-4c93-bd47-f6bb322cc1b5","cf343f12-97ac-453a-95d9-1deb083adbfe","pinterest","draft","comment","Nice board. What inspired this theme?","2025-08-22T22:46:17.324+00:00","","","","",""
"792d4263-b08b-4e09-bbf7-f6c856a8bc2b","cf343f12-97ac-453a-95d9-1deb083adbfe","pinterest","draft","dm","Enjoyed your board. Are you building anything around this?","2025-08-22T22:46:17.324+00:00","","","","",""
"45796286-1216-4274-ae17-b05623b2dde9","cf343f12-97ac-453a-95d9-1deb083adbfe","youtube","draft","like","","2025-08-22T22:46:17.324+00:00","","","","",""
"6e53e74d-2eed-479d-a953-1f2c28bce05d","cf343f12-97ac-453a-95d9-1deb083adbfe","youtube","draft","comment","Helpful video. What led you to try that approach?","2025-08-22T22:46:17.324+00:00","","","","",""
"452267b0-9b98-4d7d-9108-75439fde232b","cf343f12-97ac-453a-95d9-1deb083adbfe","youtube","draft","dm","Appreciated your video. What are you aiming to grow next?","2025-08-22T22:46:17.324+00:00","","","","",""
"6cd3ceca-2db7-4e7a-9f9b-8fffd1f985b6","c1d64437-4a46-4eab-b40f-7122c70108e6","linkedin","draft","like","","2025-08-22T22:46:17.324+00:00","","","","",""
"0334f5b5-4627-443b-9ee4-2ca3e81519af","c1d64437-4a46-4eab-b40f-7122c70108e6","linkedin","draft","comment","Strong insight. What led you there?","2025-08-22T22:46:17.324+00:00","","","","",""
"ed76c639-fff8-4f99-94b6-deb69dd12c98","c1d64437-4a46-4eab-b40f-7122c70108e6","linkedin","draft","dm","Hey Sam, appreciated your update. What are you focused on this quarter?","2025-08-22T22:46:17.324+00:00","","","","",""
"34b358c6-a770-4a62-b75c-b965aec745e0","c1d64437-4a46-4eab-b40f-7122c70108e6","instagram","draft","like","","2025-08-22T22:46:17.324+00:00","","","","",""
"fe218a92-85b0-4a2d-bf6e-9a3b2c8a929d","c1d64437-4a46-4eab-b40f-7122c70108e6","instagram","draft","comment","Clean work. How often are you posting lately?","2025-08-22T22:46:17.324+00:00","","","","",""
"336909e0-854a-403a-92a7-3ade6b7b2b7e","c1d64437-4a46-4eab-b40f-7122c70108e6","instagram","draft","dm","Respect the consistency Sam. Do you usually train mornings or evenings?","2025-08-22T22:46:17.324+00:00","","","","",""
"16bc841b-e8fc-4132-8926-91e383306135","c1d64437-4a46-4eab-b40f-7122c70108e6","facebook","draft","like","","2025-08-22T22:46:17.324+00:00","","","","",""
"087ba039-0470-4077-b599-367b4519aa30","c1d64437-4a46-4eab-b40f-7122c70108e6","facebook","draft","comment","Nice update. What helped most here?","2025-08-22T22:46:17.324+00:00","","","","",""
"ce53df3e-662f-44a3-a89d-bec45fa83f6a","c1d64437-4a46-4eab-b40f-7122c70108e6","facebook","draft","dm","Hey Sam, saw your post earlier. What are you building right now?","2025-08-22T22:46:17.324+00:00","","","","",""
"41c6b783-a493-4f25-890b-e9ec10cb30cc","c1d64437-4a46-4eab-b40f-7122c70108e6","x","draft","like","","2025-08-22T22:46:17.324+00:00","","","","",""
"1cce81f9-8d6c-456f-a714-f67d8679d325","c1d64437-4a46-4eab-b40f-7122c70108e6","x","draft","comment","Good point. What made you test that?","2025-08-22T22:46:17.324+00:00","","","","",""
"57faba52-7c3e-4d9c-aaaf-ffadab35bbda","c1d64437-4a46-4eab-b40f-7122c70108e6","x","draft","dm","Saw your post Sam. What are you optimizing for this month?","2025-08-22T22:46:17.324+00:00","","","","",""
"f3fb6547-46c3-428f-8b7c-09994a78a9a4","c1d64437-4a46-4eab-b40f-7122c70108e6","threads","draft","like","","2025-08-22T22:46:17.324+00:00","","","","",""
"577b92fc-a41b-4609-8e87-375d46c99597","c1d64437-4a46-4eab-b40f-7122c70108e6","threads","draft","comment","Interesting take. What sparked it?","2025-08-22T22:46:17.324+00:00","","","","",""
"eaee813a-c0fa-4ad5-98c9-1c575e0d60cb","c1d64437-4a46-4eab-b40f-7122c70108e6","threads","draft","dm","Appreciate your posts. What are you focusing on right now?","2025-08-22T22:46:17.324+00:00","","","","",""
"8207d6fa-9b65-45f1-a06a-be3e1baed0ea","c1d64437-4a46-4eab-b40f-7122c70108e6","tiktok","draft","like","","2025-08-22T22:46:17.324+00:00","","","","",""
"1e9254a4-6924-48e8-a0bf-884fe8d757d6","c1d64437-4a46-4eab-b40f-7122c70108e6","tiktok","draft","comment","Solid clip. What was the hardest part to get right?","2025-08-22T22:46:17.324+00:00","","","","",""
"e20dcf88-857a-4915-a6d4-920f8cdce3ee","c1d64437-4a46-4eab-b40f-7122c70108e6","tiktok","draft","dm","Respect the pace. Do you batch or post daily?","2025-08-22T22:46:17.324+00:00","","","","",""
"26145c93-be78-4743-a490-f02023566463","c1d64437-4a46-4eab-b40f-7122c70108e6","reddit","draft","comment","Good breakdown. What source did you like most?","2025-08-22T22:46:17.324+00:00","","","","",""
"d5c8528a-bb17-4b43-8370-b43d64f32037","c1d64437-4a46-4eab-b40f-7122c70108e6","reddit","draft","dm","Saw your comment. What are you working toward with this?","2025-08-22T22:46:17.324+00:00","","","","",""
"0aec0f93-d4f8-4b4b-8334-e943604e92af","c1d64437-4a46-4eab-b40f-7122c70108e6","pinterest","draft","like","","2025-08-22T22:46:17.324+00:00","","","","",""
"57f1d3da-07b2-4753-ae97-7379f3a93956","c1d64437-4a46-4eab-b40f-7122c70108e6","pinterest","draft","comment","Nice board. What inspired this theme?","2025-08-22T22:46:17.324+00:00","","","","",""
"0a5e412b-f30f-4b92-bae5-2d4a6a1f3f89","c1d64437-4a46-4eab-b40f-7122c70108e6","pinterest","draft","dm","Enjoyed your board. Are you building anything around this?","2025-08-22T22:46:17.324+00:00","","","","",""
"85a5a5ff-e695-4404-b8a6-6378e7562222","c1d64437-4a46-4eab-b40f-7122c70108e6","youtube","draft","like","","2025-08-22T22:46:17.324+00:00","","","","",""
"9b1fa6c0-50fe-468c-8847-427abf17b7fa","c1d64437-4a46-4eab-b40f-7122c70108e6","youtube","draft","comment","Helpful video. What led you to try that approach?","2025-08-22T22:46:17.324+00:00","","","","",""
"d992b781-69e4-4112-81f1-dd1e0a90ce30","c1d64437-4a46-4eab-b40f-7122c70108e6","youtube","draft","dm","Appreciated your video. What are you aiming to grow next?","2025-08-22T22:46:17.324+00:00","","","","",""
"d091e2c8-7708-4441-8f14-d0038f0f2dfe","457299ea-6aa1-4a22-8e91-8f8a78148835","linkedin","draft","like","","2025-08-22T22:46:17.324+00:00","","","","",""
"e2522e59-8f77-46c6-801b-d450f7697121","457299ea-6aa1-4a22-8e91-8f8a78148835","linkedin","draft","comment","Strong insight. What led you there?","2025-08-22T22:46:17.324+00:00","","","","",""
"94fe4a8a-3aad-4d61-b2d0-b857d3f8b551","457299ea-6aa1-4a22-8e91-8f8a78148835","linkedin","draft","dm","Hey Sam, appreciated your update. What are you focused on this quarter?","2025-08-22T22:46:17.324+00:00","","","","",""
"fbb6d9e8-ff63-423e-96a5-8ce5ea25666d","457299ea-6aa1-4a22-8e91-8f8a78148835","instagram","draft","like","","2025-08-22T22:46:17.324+00:00","","","","",""
"972e0228-e40d-4789-bcc3-0834da191d19","457299ea-6aa1-4a22-8e91-8f8a78148835","instagram","draft","comment","Clean work. How often are you posting lately?","2025-08-22T22:46:17.324+00:00","","","","",""
"2a748d31-3ee7-423b-8d5d-376bd4e3ecf6","457299ea-6aa1-4a22-8e91-8f8a78148835","instagram","draft","dm","Respect the consistency Sam. Do you usually train mornings or evenings?","2025-08-22T22:46:17.324+00:00","","","","",""
"f67365e4-c473-42c4-8b8f-b442853666f1","457299ea-6aa1-4a22-8e91-8f8a78148835","facebook","draft","like","","2025-08-22T22:46:17.324+00:00","","","","",""
"1e055042-db1d-462b-8138-c292242272b6","457299ea-6aa1-4a22-8e91-8f8a78148835","facebook","draft","comment","Nice update. What helped most here?","2025-08-22T22:46:17.324+00:00","","","","",""
"6aa7a071-4d51-4e64-9a56-a8cf9e292941","457299ea-6aa1-4a22-8e91-8f8a78148835","facebook","draft","dm","Hey Sam, saw your post earlier. What are you building right now?","2025-08-22T22:46:17.324+00:00","","","","",""
"d210ba1e-5f53-45b8-90e5-9c95f5f2c70a","457299ea-6aa1-4a22-8e91-8f8a78148835","x","draft","like","","2025-08-22T22:46:17.324+00:00","","","","",""
"98a88154-5543-499c-89c7-8c3d2fae655e","457299ea-6aa1-4a22-8e91-8f8a78148835","x","draft","comment","Good point. What made you test that?","2025-08-22T22:46:17.324+00:00","","","","",""
"f41de238-561e-42e1-a435-0c1583be5f8c","457299ea-6aa1-4a22-8e91-8f8a78148835","x","draft","dm","Saw your post Sam. What are you optimizing for this month?","2025-08-22T22:46:17.324+00:00","","","","",""
"e201b2af-1324-4c26-a092-fa3c7dc5b64f","a6d77b37-0ef0-4932-a53b-a73a9fed8fec","linkedin","draft","comment","Strong insight. What led you there?","2025-08-22T22:46:17.323+00:00","","","","",""
"ae6bc9b9-987b-4625-89ff-4442117e7f36","a6d77b37-0ef0-4932-a53b-a73a9fed8fec","linkedin","draft","dm","Hey Jane, appreciated your update. What are you focused on this quarter?","2025-08-22T22:46:17.323+00:00","","","","",""
"25f86ca0-cd9d-45fb-8b31-c0239120df10","a6d77b37-0ef0-4932-a53b-a73a9fed8fec","instagram","draft","like","","2025-08-22T22:46:17.323+00:00","","","","",""
"0d2b5677-b2de-4d30-8478-04baeb7b8b71","a6d77b37-0ef0-4932-a53b-a73a9fed8fec","instagram","draft","comment","Clean work. How often are you posting lately?","2025-08-22T22:46:17.323+00:00","","","","",""
"3a7279a4-b18d-4481-8ba4-fe6d9d2b961d","a6d77b37-0ef0-4932-a53b-a73a9fed8fec","instagram","draft","dm","Respect the consistency Jane. Do you usually train mornings or evenings?","2025-08-22T22:46:17.323+00:00","","","","",""
"77417402-eb02-4251-9ae3-100c0deb3b79","a6d77b37-0ef0-4932-a53b-a73a9fed8fec","facebook","draft","like","","2025-08-22T22:46:17.323+00:00","","","","",""
"7b340407-130e-46eb-be30-522f015163f7","a6d77b37-0ef0-4932-a53b-a73a9fed8fec","facebook","draft","comment","Nice update. What helped most here?","2025-08-22T22:46:17.323+00:00","","","","",""
"5be1804f-f900-421c-b248-41f5bb450490","a6d77b37-0ef0-4932-a53b-a73a9fed8fec","facebook","draft","dm","Hey Jane, saw your post earlier. What are you building right now?","2025-08-22T22:46:17.323+00:00","","","","",""
"2d16ac93-0dc6-43eb-9e59-638f6c774dbe","a6d77b37-0ef0-4932-a53b-a73a9fed8fec","x","draft","like","","2025-08-22T22:46:17.323+00:00","","","","",""
"01253001-e5a7-4258-8b1e-d8de5277b090","a6d77b37-0ef0-4932-a53b-a73a9fed8fec","x","draft","comment","Good point. What made you test that?","2025-08-22T22:46:17.323+00:00","","","","",""
"ae7563d3-5f89-4c9b-9dec-1ed2e30c8537","a6d77b37-0ef0-4932-a53b-a73a9fed8fec","x","draft","dm","Saw your post Jane. What are you optimizing for this month?","2025-08-22T22:46:17.323+00:00","","","","",""
"90a7e6f5-b790-4c39-a7ca-768b3dd62d04","a6d77b37-0ef0-4932-a53b-a73a9fed8fec","threads","draft","like","","2025-08-22T22:46:17.323+00:00","","","","",""
"26a73a95-e1f1-41ee-9722-4106d5c8b76b","a6d77b37-0ef0-4932-a53b-a73a9fed8fec","threads","draft","comment","Interesting take. What sparked it?","2025-08-22T22:46:17.323+00:00","","","","",""
"8d7cc762-17e2-4f8a-a63d-95026fb9ec15","a6d77b37-0ef0-4932-a53b-a73a9fed8fec","threads","draft","dm","Appreciate your posts. What are you focusing on right now?","2025-08-22T22:46:17.323+00:00","","","","",""
"9e60efc8-3995-406a-a1de-403e2d541640","a6d77b37-0ef0-4932-a53b-a73a9fed8fec","tiktok","draft","like","","2025-08-22T22:46:17.323+00:00","","","","",""
"8dda498f-bb0d-466d-9f5a-946b235b430b","a6d77b37-0ef0-4932-a53b-a73a9fed8fec","tiktok","draft","comment","Solid clip. What was the hardest part to get right?","2025-08-22T22:46:17.323+00:00","","","","",""
"3cf4c008-e7fd-4b91-bf15-545d1ed086b1","a6d77b37-0ef0-4932-a53b-a73a9fed8fec","tiktok","draft","dm","Respect the pace. Do you batch or post daily?","2025-08-22T22:46:17.323+00:00","","","","",""
"1fe3de50-9244-4b3d-b6e8-95acd47e9367","a6d77b37-0ef0-4932-a53b-a73a9fed8fec","reddit","draft","comment","Good breakdown. What source did you like most?","2025-08-22T22:46:17.323+00:00","","","","",""
"0b41b3bc-bb4c-4897-97d3-d93369cba201","a6d77b37-0ef0-4932-a53b-a73a9fed8fec","reddit","draft","dm","Saw your comment. What are you working toward with this?","2025-08-22T22:46:17.323+00:00","","","","",""
"c0951d64-e21e-4b45-8dd0-fbd0baf2f80c","a6d77b37-0ef0-4932-a53b-a73a9fed8fec","pinterest","draft","like","","2025-08-22T22:46:17.323+00:00","","","","",""
"4113dc8b-1d62-49fc-b949-673d92278476","a6d77b37-0ef0-4932-a53b-a73a9fed8fec","pinterest","draft","comment","Nice board. What inspired this theme?","2025-08-22T22:46:17.323+00:00","","","","",""
"dff6f3ff-4154-48ff-a8d1-272b3ec19cfe","a6d77b37-0ef0-4932-a53b-a73a9fed8fec","pinterest","draft","dm","Enjoyed your board. Are you building anything around this?","2025-08-22T22:46:17.323+00:00","","","","",""
"d7b7be57-1a5d-45cf-8a05-143bb01057ec","a6d77b37-0ef0-4932-a53b-a73a9fed8fec","youtube","draft","like","","2025-08-22T22:46:17.323+00:00","","","","",""
"a42699e1-8252-4a8e-807a-cf12d239b613","a6d77b37-0ef0-4932-a53b-a73a9fed8fec","youtube","draft","comment","Helpful video. What led you to try that approach?","2025-08-22T22:46:17.323+00:00","","","","",""
"45a527f7-bf06-49cb-a566-bfc4f7e60b85","a6d77b37-0ef0-4932-a53b-a73a9fed8fec","youtube","draft","dm","Appreciated your video. What are you aiming to grow next?","2025-08-22T22:46:17.323+00:00","","","","",""
"11ae408f-68f0-441a-9100-7c292099f2fe","cf343f12-97ac-453a-95d9-1deb083adbfe","linkedin","draft","like","","2025-08-22T22:46:17.323+00:00","","","","",""
"eae5f2e8-ff4e-426d-bbc7-e94b72661828","cf343f12-97ac-453a-95d9-1deb083adbfe","linkedin","draft","comment","Strong insight. What led you there?","2025-08-22T22:46:17.323+00:00","","","","",""
"2e671b44-cf1f-4dfb-a2df-c71b4789fcfe","cf343f12-97ac-453a-95d9-1deb083adbfe","linkedin","draft","dm","Hey Moe, appreciated your update. What are you focused on this quarter?","2025-08-22T22:46:17.323+00:00","","","","",""
"4cdfab8e-e101-4f2a-a8a1-5811ec0c672c","cf343f12-97ac-453a-95d9-1deb083adbfe","instagram","draft","like","","2025-08-22T22:46:17.323+00:00","","","","",""
"93aecd90-49ee-4704-9a43-e56cd013d907","cf343f12-97ac-453a-95d9-1deb083adbfe","instagram","draft","comment","Clean work. How often are you posting lately?","2025-08-22T22:46:17.323+00:00","","","","",""
"3fdb812e-adfe-4796-bbd4-7ba48d770ef2","cf343f12-97ac-453a-95d9-1deb083adbfe","instagram","draft","dm","Respect the consistency Moe. Do you usually train mornings or evenings?","2025-08-22T22:46:17.323+00:00","","","","",""
"72d0be9d-e40a-4f63-969a-49e26bf3cb15","cf343f12-97ac-453a-95d9-1deb083adbfe","facebook","draft","like","","2025-08-22T22:46:17.323+00:00","","","","",""
"9a2a0b15-3ed0-477a-943d-f6dc4aba0418","cf343f12-97ac-453a-95d9-1deb083adbfe","facebook","draft","comment","Nice update. What helped most here?","2025-08-22T22:46:17.323+00:00","","","","",""
"a64d2400-f3ef-4804-8f30-f1b4bf227964","cf343f12-97ac-453a-95d9-1deb083adbfe","facebook","draft","dm","Hey Moe, saw your post earlier. What are you building right now?","2025-08-22T22:46:17.323+00:00","","","","",""
"8b3bfbd0-4eac-472f-9ecc-98b3f151992c","cf343f12-97ac-453a-95d9-1deb083adbfe","x","draft","like","","2025-08-22T22:46:17.323+00:00","","","","",""
"e8f67fb3-55a4-467d-b13c-d894cbb94618","cf343f12-97ac-453a-95d9-1deb083adbfe","x","draft","comment","Good point. What made you test that?","2025-08-22T22:46:17.323+00:00","","","","",""
"35907296-7737-4400-891d-e3b508414021","cf343f12-97ac-453a-95d9-1deb083adbfe","x","draft","dm","Saw your post Moe. What are you optimizing for this month?","2025-08-22T22:46:17.323+00:00","","","","",""
"e60845fe-209d-4d3f-b78a-f021e9015df3","cf343f12-97ac-453a-95d9-1deb083adbfe","threads","draft","like","","2025-08-22T22:46:17.323+00:00","","","","",""
"12ab5883-39ae-4406-94f8-9e164acde068","cf343f12-97ac-453a-95d9-1deb083adbfe","threads","draft","comment","Interesting take. What sparked it?","2025-08-22T22:46:17.323+00:00","","","","",""
"b521c6c4-09cc-4297-bc01-8fd89d139929","cf343f12-97ac-453a-95d9-1deb083adbfe","threads","draft","dm","Appreciate your posts. What are you focusing on right now?","2025-08-22T22:46:17.323+00:00","","","","",""
"abd7e6ab-12c3-463b-ae36-5c1517435d48","a6d77b37-0ef0-4932-a53b-a73a9fed8fec","linkedin","draft","like","","2025-08-22T22:46:17.322+00:00","","","","",""
"1712693b-05a0-47c8-b582-6de4e5c9a05d","20a5f465-d339-4a0f-ae4d-bba48a560a6b","linkedin","sent","dm","Happy birthday Jane. Hope you get a bit of time for yourself today.","2025-08-20T01:30:22.063491+00:00","","2025-08-20T01:35:46.671+00:00","2025-08-23T17:38:16.661+00:00","",""
"27a4f96d-7d94-46f8-bf2a-04614baa3ea0","457299ea-6aa1-4a22-8e91-8f8a78148835","linkedin","paused","dm","Happy birthday Sam. Hope you get a bit of time for yourself today.","2025-08-20T01:30:21.504945+00:00","","2025-08-20T01:31:46.671+00:00","","",""
"4b5d856f-480e-44dc-8815-b45db6da610f","a6d77b37-0ef0-4932-a53b-a73a9fed8fec","linkedin","draft","","Hi Jane Doe, I help Canadians review mortgage, insurance, and savings options. Want a quick overview to see if anything fits?","2025-08-20T00:42:43.215222+00:00","","","","",""
"ebc1e11f-a9ac-4c6e-8051-fc2c1894c339","cf343f12-97ac-453a-95d9-1deb083adbfe","instagram","draft","","Hey Moe Ali, I noticed your profile. Open to a flexible licensed role in Canada with training and support?","2025-08-20T00:42:43.215222+00:00","","","","",""
"8ba3c7f9-47c3-4ac3-a115-3a8facc74bff","c1d64437-4a46-4eab-b40f-7122c70108e6","linkedin","draft","","Hey Sam Patel, I noticed your profile. Open to a flexible licensed role in Canada with training and support?","2025-08-20T00:42:43.215222+00:00","","","","",""
"1b8bef6e-d0f2-4402-bdd8-b00b35a7a8d3","457299ea-6aa1-4a22-8e91-8f8a78148835","linkedin","draft","","Hey Sam Patel, I noticed your profile. Open to a flexible licensed role in Canada with training and support?","2025-08-20T00:42:43.215222+00:00","","","","",""
"13e832cc-e646-4cb3-9fb8-a4e6bb47fb38","5f0ed62c-ffe3-4362-9aba-5b30758a2e11","instagram","draft","","Hey Moe Ali, I noticed your profile. Open to a flexible licensed role in Canada with training and support?","2025-08-20T00:42:43.215222+00:00","","","","",""
"25d3b5be-d0a1-4228-ae99-d26fe933b084","20a5f465-d339-4a0f-ae4d-bba48a560a6b","linkedin","paused","","Hi Jane Doe, I help Canadians review mortgage, insurance, and savings options. Want a quick overview to see if anything fits?","2025-08-20T00:42:43.215222+00:00","","","","",""
"44df9c4c-9e11-4d2e-96c6-c4d3db22772d","a6d77b37-0ef0-4932-a53b-a73a9fed8fec","linkedin","draft","","Hi Jane Doe, saw Toronto • mortgage tfsa. If you want a quick review of mortgage and protection options in Canada, I can outline next steps. Interested?","2025-08-20T00:11:33.437285+00:00","","","","",""
"835bbfb7-4d00-4eb5-9e80-40c34e46b125","cf343f12-97ac-453a-95d9-1deb083adbfe","instagram","draft","","Hey Moe Ali, noticed Calgary • career change open to work. Open to a flexible Canadian role with training and licensing support? If yes, I can share details.","2025-08-20T00:11:33.437285+00:00","","","","",""
"25dda7ed-92f0-47a2-a403-0130bd8b2c91","c1d64437-4a46-4eab-b40f-7122c70108e6","linkedin","draft","","Hey Sam Patel, noticed Vancouver • bank teller mortgage. Open to a flexible Canadian role with training and licensing support? If yes, I can share details.","2025-08-20T00:11:33.437285+00:00","","","","",""
"f880c69c-0b1c-4a1f-9298-f4a379360e33","5f0ed62c-ffe3-4362-9aba-5b30758a2e11","instagram","paused","","Hey Moe Ali, noticed Calgary • career change open to work. Open to a flexible Canadian role with training and licensing support? If yes, I can share details.","2025-08-20T00:11:33.437285+00:00","","2025-08-20T00:16:33.026+00:00","","",""
"7ae778c3-25ae-48a8-ac84-78503d0b811d","20a5f465-d339-4a0f-ae4d-bba48a560a6b","linkedin","sent","","Hi Jane Doe, saw Toronto • mortgage tfsa. If you want a quick review of mortgage and protection options in Canada, I can outline next steps. Interested?","2025-08-20T00:11:33.437285+00:00","","2025-08-20T00:21:33.026+00:00","2025-08-23T17:38:14.882+00:00","",""
"45f4a8e9-92c7-4458-9bb1-160dbcec0cb6","457299ea-6aa1-4a22-8e91-8f8a78148835","linkedin","paused","","Hey Sam Patel, noticed Vancouver • bank teller mortgage. Open to a flexible Canadian role with training and licensing support? If yes, I can share details.","2025-08-20T00:11:33.437285+00:00","","2025-08-20T00:14:33.026+00:00","","",""
"cdcbfddc-769b-42f1-9697-b629cd7e0282","457299ea-6aa1-4a22-8e91-8f8a78148835","linkedin","draft","","Hey Sam Patel, noticed Vancouver • bank teller mortgage. Open to a flexible Canadian role with training and licensing support? If yes, I can share details.","2025-08-19T23:55:52.771435+00:00","","","","",""
"77f7082d-5593-42ba-a8fb-31cc57cee7e5","5f0ed62c-ffe3-4362-9aba-5b30758a2e11","instagram","draft","","Hey Moe Ali, noticed Calgary • career change open to work. Open to a flexible Canadian role with training and licensing support? If yes, I can share details.","2025-08-19T23:55:52.771435+00:00","","","","",""
"e3446fe8-1ec5-49a0-8cd5-7b4c8c1c26af","20a5f465-d339-4a0f-ae4d-bba48a560a6b","linkedin","paused","","Hi Jane Doe, saw Toronto • mortgage tfsa. If you want a quick review of mortgage and protection options in Canada, I can outline next steps. Interested?","2025-08-19T23:55:52.771435+00:00","","","","",""
"d90816a3-e60e-470c-aabc-08a848d49c38","20a5f465-d339-4a0f-ae4d-bba48a560a6b","linkedin","paused","","Hi Jane Doe, saw Toronto • mortgage tfsa. If you want a quick review of mortgage and protection options in Canada, I can outline next steps. Interested?","2025-08-16T22:27:44.82396+00:00","","","","",""
"48806b79-a6f3-4e45-9ffa-8ce0f633e3f7","5f0ed62c-ffe3-4362-9aba-5b30758a2e11","instagram","paused","","Hey Moe Ali, noticed Calgary • career change open to work. Open to a flexible Canadian role with training and licensing support? If yes, I can share details.","2025-08-16T22:27:44.82396+00:00","","2025-08-16T22:37:01.78+00:00","","",""
"aab02cee-45e1-40bb-bb4f-5a8cd91f6db6","457299ea-6aa1-4a22-8e91-8f8a78148835","linkedin","paused","","Hey Sam Patel, noticed Vancouver • bank teller mortgage. Open to a flexible Canadian role with training and licensing support? If yes, I can share details.","2025-08-16T22:27:44.82396+00:00","","2025-08-16T22:35:01.78+00:00","","",""
"d810c7ae-d136-4468-8204-93ef3c914bb4","457299ea-6aa1-4a22-8e91-8f8a78148835","linkedin","draft","","Hey Sam Patel, noticed Vancouver • bank teller mortgage. Open to a flexible Canadian role with training and licensing support? If yes, I can share details.","2025-08-16T22:21:23.26917+00:00","","","","",""
"61c02d8b-dd5b-4773-9dc1-c5b5eb843703","5f0ed62c-ffe3-4362-9aba-5b30758a2e11","instagram","draft","","Hey Moe Ali, noticed Calgary • career change open to work. Open to a flexible Canadian role with training and licensing support? If yes, I can share details.","2025-08-16T22:21:23.26917+00:00","","","","",""
"71ca222b-bcda-4e7a-a1c5-7f1e09fc3045","20a5f465-d339-4a0f-ae4d-bba48a560a6b","linkedin","paused","","Hi Jane Doe, saw Toronto • mortgage tfsa. If you want a quick review of mortgage and protection options in Canada, I can outline next steps. Interested?","2025-08-16T22:21:23.26917+00:00","","","","",""
